-- phpMyAdmin SQL Dump
-- version 5.2.0
-- https://www.phpmyadmin.net/
--
-- Хост: 127.0.0.1:3306
-- Время создания: Июн 15 2024 г., 18:59
-- Версия сервера: 5.7.39
-- Версия PHP: 7.2.34

SET SQL_MODE = "NO_AUTO_VALUE_ON_ZERO";
START TRANSACTION;
SET time_zone = "+00:00";


/*!40101 SET @OLD_CHARACTER_SET_CLIENT=@@CHARACTER_SET_CLIENT */;
/*!40101 SET @OLD_CHARACTER_SET_RESULTS=@@CHARACTER_SET_RESULTS */;
/*!40101 SET @OLD_COLLATION_CONNECTION=@@COLLATION_CONNECTION */;
/*!40101 SET NAMES utf8mb4 */;

--
-- База данных: `TeleMed`
--

-- --------------------------------------------------------

--
-- Структура таблицы `adress`
--

CREATE TABLE `adress` (
  `AdressId` int(11) NOT NULL,
  `AdressValue` varchar(200) NOT NULL
) ENGINE=InnoDB DEFAULT CHARSET=utf8mb4;

--
-- Дамп данных таблицы `adress`
--

INSERT INTO `adress` (`AdressId`, `AdressValue`) VALUES
(1, 'обл. Московская, ул.Мира, д.6'),
(2, 'ул. Кирова, 38, корп 1'),
(3, 'Ул. Ленина, 30'),
(4, 'ул. Гражданская, 2А'),
(5, 'Ул. Форсса, 3'),
(6, 'Обл. Московская, мкр. Рекинцо, стр. 1'),
(7, 'Обл. Московская, Ул. Мира, 39/5'),
(8, 'Обл. Московская, Ул. Махова, д. 14'),
(9, 'Обл. Московская, Ул. БЖД, пр., 4'),
(10, 'Обл. Московская, ш. Энтузиастов, д. 41'),
(11, 'Обл. Московская, ул. Пушкина 1Б'),
(12, 'Обл. Московская, ул. Школьная, 4'),
(13, 'Обл. Московская, пр. Больничный, 2'),
(14, 'Обл. Московская, ул. Больничная, 7'),
(15, 'Обл. Московская, ул. Центральная, 14'),
(16, 'Обл. Московская, ул. Толмачева, 1');

-- --------------------------------------------------------

--
-- Структура таблицы `allUsers`
--

CREATE TABLE `allUsers` (
  `allUsersId` int(11) NOT NULL,
  `PerCode` int(11) DEFAULT NULL,
  `UsCode` int(11) DEFAULT NULL
) ENGINE=InnoDB DEFAULT CHARSET=utf8mb4;

--
-- Дамп данных таблицы `allUsers`
--

INSERT INTO `allUsers` (`allUsersId`, `PerCode`, `UsCode`) VALUES
(1, 1, NULL),
(2, 2, NULL),
(3, 3, NULL),
(4, 4, NULL),
(5, 5, NULL),
(6, 6, NULL),
(7, 7, NULL),
(8, 8, NULL),
(9, 9, NULL),
(10, 10, NULL),
(11, 11, NULL),
(12, 12, NULL),
(13, 13, NULL),
(14, 14, NULL),
(15, 15, NULL),
(16, 16, NULL),
(17, 17, NULL),
(18, 18, NULL),
(19, 19, NULL),
(20, 20, NULL),
(21, 21, NULL),
(22, 22, NULL),
(23, 23, NULL),
(24, 24, NULL),
(25, 25, NULL),
(26, 26, NULL),
(27, 27, NULL),
(28, 28, NULL),
(29, 29, NULL),
(30, 30, NULL),
(31, 31, NULL),
(32, 32, NULL),
(33, 33, NULL),
(34, 34, NULL),
(35, 35, NULL),
(36, 36, NULL),
(37, 37, NULL),
(38, 38, NULL),
(39, 39, NULL),
(40, 40, NULL),
(41, 41, NULL),
(42, 42, NULL),
(43, 43, NULL),
(44, 44, NULL),
(45, 45, NULL),
(46, 46, NULL),
(47, 47, NULL),
(48, 48, NULL),
(49, 49, NULL),
(50, 50, NULL),
(51, 51, NULL),
(52, 52, NULL),
(53, 53, NULL),
(54, 54, NULL),
(55, 55, NULL),
(56, 56, NULL),
(57, 57, NULL),
(58, 58, NULL),
(59, 59, NULL),
(60, 60, NULL),
(61, 61, NULL),
(62, 62, NULL),
(63, 63, NULL),
(64, 64, NULL),
(65, 65, NULL),
(66, 66, NULL),
(67, 67, NULL),
(68, 68, NULL),
(69, 69, NULL),
(70, 70, NULL),
(71, 71, NULL),
(72, 72, NULL),
(73, 73, NULL),
(74, 74, NULL),
(75, 75, NULL),
(76, 76, NULL),
(77, 77, NULL),
(78, 78, NULL),
(79, 79, NULL),
(80, 80, NULL),
(81, 81, NULL),
(82, 82, NULL),
(83, 83, NULL),
(84, 84, NULL),
(85, 85, NULL),
(86, 86, NULL),
(87, 87, NULL),
(88, 88, NULL),
(89, 89, NULL),
(90, 90, NULL),
(91, 91, NULL),
(92, 92, NULL),
(93, 93, NULL),
(94, 94, NULL),
(95, 95, NULL),
(96, 96, NULL),
(97, 97, NULL),
(98, 98, NULL),
(99, 99, NULL),
(100, 100, NULL),
(101, 101, NULL),
(102, 102, NULL),
(103, 103, NULL),
(104, 104, NULL),
(105, 105, NULL),
(106, 106, NULL),
(107, 107, NULL),
(108, 108, NULL),
(109, 109, NULL),
(110, 110, NULL),
(111, 111, NULL),
(112, 112, NULL),
(113, 113, NULL),
(114, 114, NULL),
(115, 115, NULL),
(116, 116, NULL),
(117, 117, NULL),
(118, 118, NULL),
(119, 119, NULL),
(120, 120, NULL),
(121, 121, NULL),
(122, 122, NULL),
(123, 123, NULL),
(124, 124, NULL),
(125, 125, NULL),
(126, 126, NULL),
(127, 127, NULL),
(128, 128, NULL),
(129, 129, NULL),
(130, 130, NULL),
(131, 131, NULL),
(132, 132, NULL),
(133, 133, NULL),
(134, 134, NULL),
(135, 135, NULL),
(136, 136, NULL),
(137, 137, NULL),
(138, 138, NULL),
(139, 139, NULL),
(140, 140, NULL),
(141, 141, NULL),
(142, 142, NULL),
(143, 143, NULL),
(144, 144, NULL),
(145, 145, NULL),
(146, 146, NULL),
(147, 147, NULL),
(148, 148, NULL),
(149, 149, NULL),
(150, 150, NULL),
(151, 151, NULL),
(152, 152, NULL),
(153, 153, NULL),
(154, 154, NULL),
(155, 155, NULL),
(156, 156, NULL),
(157, 157, NULL),
(158, 158, NULL),
(159, 159, NULL),
(160, 160, NULL),
(161, 161, NULL),
(162, 162, NULL),
(163, 163, NULL),
(164, 164, NULL),
(165, 165, NULL),
(166, 166, NULL),
(167, 167, NULL),
(168, 168, NULL),
(169, 169, NULL),
(170, 170, NULL),
(171, 171, NULL),
(172, 172, NULL),
(173, 173, NULL),
(174, 174, NULL),
(175, 175, NULL),
(176, 176, NULL),
(177, 177, NULL),
(178, 178, NULL),
(179, 179, NULL),
(180, 180, NULL),
(181, 181, NULL),
(182, 182, NULL),
(183, 183, NULL),
(184, 184, NULL),
(185, 185, NULL),
(186, 186, NULL),
(187, 187, NULL),
(188, 188, NULL),
(189, 189, NULL),
(190, 190, NULL),
(191, 191, NULL),
(192, 192, NULL),
(193, 193, NULL),
(194, 194, NULL),
(195, 195, NULL),
(196, 196, NULL),
(197, 197, NULL),
(198, 198, NULL),
(199, 199, NULL),
(200, 200, NULL),
(201, 201, NULL),
(202, 202, NULL),
(203, 203, NULL),
(204, 204, NULL),
(205, 205, NULL),
(206, 206, NULL),
(207, 207, NULL),
(208, 208, NULL),
(209, 209, NULL),
(210, 210, NULL),
(211, 211, NULL),
(212, 212, NULL),
(213, 213, NULL),
(214, 214, NULL),
(215, 215, NULL),
(216, 216, NULL),
(217, 217, NULL),
(218, 218, NULL),
(219, 219, NULL),
(220, 220, NULL),
(221, 221, NULL),
(222, 222, NULL),
(223, 223, NULL),
(224, 224, NULL),
(225, 225, NULL),
(226, 226, NULL),
(227, 227, NULL),
(228, 228, NULL),
(229, 229, NULL),
(230, 230, NULL),
(231, 231, NULL),
(232, 232, NULL),
(233, 233, NULL),
(234, 234, NULL),
(235, 235, NULL),
(236, 236, NULL),
(237, 237, NULL),
(238, 238, NULL),
(239, 239, NULL),
(240, 240, NULL),
(241, 241, NULL),
(242, 242, NULL),
(243, 243, NULL),
(244, 244, NULL),
(245, 245, NULL),
(246, 246, NULL),
(247, 247, NULL),
(248, 248, NULL),
(249, 249, NULL),
(250, 250, NULL),
(251, 251, NULL),
(252, 252, NULL),
(253, 253, NULL),
(254, 254, NULL),
(255, 255, NULL),
(256, 256, NULL),
(257, 257, NULL),
(258, 258, NULL),
(259, 259, NULL),
(260, 260, NULL),
(261, 261, NULL),
(262, 262, NULL),
(263, 263, NULL),
(264, 264, NULL),
(265, 265, NULL),
(266, 266, NULL),
(267, 267, NULL),
(268, 268, NULL),
(269, 269, NULL),
(270, 270, NULL),
(271, 271, NULL),
(272, 272, NULL),
(273, 273, NULL),
(274, 274, NULL),
(275, 275, NULL),
(276, 276, NULL),
(277, 277, NULL),
(278, 278, NULL),
(279, 279, NULL),
(280, 280, NULL),
(281, 281, NULL),
(282, 282, NULL),
(283, 283, NULL),
(284, 284, NULL),
(285, 285, NULL),
(286, 286, NULL),
(287, 287, NULL),
(288, 288, NULL),
(289, 289, NULL),
(290, 290, NULL),
(291, 291, NULL),
(292, 292, NULL),
(293, 293, NULL),
(294, 294, NULL),
(295, 295, NULL),
(296, 296, NULL),
(297, 297, NULL),
(298, 298, NULL),
(299, 299, NULL),
(300, 300, NULL),
(301, 301, NULL),
(302, 302, NULL),
(303, 303, NULL),
(304, 304, NULL),
(305, 305, NULL),
(306, 306, NULL),
(307, 307, NULL),
(308, 308, NULL),
(309, 309, NULL),
(310, 310, NULL),
(311, 311, NULL),
(312, 312, NULL),
(313, 313, NULL),
(314, 314, NULL),
(315, 315, NULL),
(316, 316, NULL),
(317, 317, NULL),
(318, 318, NULL),
(319, 319, NULL),
(320, 320, NULL),
(321, 321, NULL),
(322, 322, NULL),
(323, 323, NULL),
(324, 324, NULL),
(325, 325, NULL),
(326, 326, NULL),
(327, 327, NULL),
(328, 328, NULL),
(329, 329, NULL),
(330, 330, NULL),
(331, 331, NULL),
(332, 332, NULL),
(333, 333, NULL),
(334, 334, NULL),
(335, 335, NULL),
(336, 336, NULL),
(337, 337, NULL),
(338, 338, NULL),
(339, 339, NULL),
(340, 340, NULL),
(341, 341, NULL),
(342, 342, NULL),
(343, 343, NULL),
(344, 344, NULL),
(345, 345, NULL),
(346, 346, NULL),
(347, 347, NULL),
(348, 348, NULL),
(349, 349, NULL),
(350, 350, NULL),
(351, 351, NULL),
(352, 352, NULL),
(353, 353, NULL),
(354, 354, NULL),
(355, 355, NULL),
(356, 356, NULL),
(357, 357, NULL),
(358, 358, NULL),
(359, 359, NULL),
(360, 360, NULL),
(361, 361, NULL),
(362, 362, NULL),
(363, 363, NULL),
(364, 364, NULL),
(365, 365, NULL),
(366, 366, NULL),
(367, 367, NULL),
(368, 368, NULL),
(369, 369, NULL),
(370, 370, NULL),
(371, 371, NULL),
(372, 372, NULL),
(373, 373, NULL),
(374, 374, NULL),
(375, 375, NULL),
(376, 376, NULL),
(377, 377, NULL),
(378, 378, NULL),
(379, 379, NULL),
(380, 380, NULL),
(381, 381, NULL),
(382, 382, NULL),
(383, 383, NULL),
(384, 384, NULL),
(385, 385, NULL),
(386, 386, NULL),
(387, 387, NULL),
(388, 388, NULL),
(389, 389, NULL),
(390, 390, NULL),
(391, 391, NULL),
(392, 392, NULL),
(393, 393, NULL),
(394, 394, NULL),
(395, 395, NULL),
(396, 396, NULL),
(397, 397, NULL),
(398, 398, NULL),
(399, 399, NULL),
(400, 400, NULL),
(401, 401, NULL),
(402, 402, NULL),
(403, 403, NULL),
(404, 404, NULL),
(405, 405, NULL),
(406, 406, NULL),
(407, 407, NULL),
(408, 408, NULL),
(409, 409, NULL),
(410, 410, NULL),
(411, 411, NULL),
(412, 412, NULL),
(413, 413, NULL),
(414, 414, NULL),
(415, 415, NULL),
(416, 416, NULL),
(417, 417, NULL),
(418, 418, NULL),
(419, 419, NULL),
(420, 420, NULL),
(421, 421, NULL),
(422, 422, NULL),
(423, 423, NULL),
(424, 424, NULL),
(425, 425, NULL),
(426, 426, NULL),
(427, 427, NULL),
(428, 428, NULL),
(429, 429, NULL),
(430, 430, NULL),
(431, 431, NULL),
(432, 432, NULL),
(433, 433, NULL),
(434, 434, NULL),
(435, 435, NULL),
(436, 436, NULL),
(437, 437, NULL),
(438, 438, NULL),
(439, 439, NULL),
(440, 440, NULL),
(441, 441, NULL),
(442, 442, NULL),
(443, 443, NULL),
(444, 444, NULL),
(445, 445, NULL),
(446, 446, NULL),
(447, 447, NULL),
(448, 448, NULL),
(449, 449, NULL),
(450, 450, NULL),
(451, 451, NULL),
(452, 452, NULL),
(453, 453, NULL),
(454, 454, NULL),
(455, 455, NULL),
(456, 456, NULL),
(457, 457, NULL),
(458, 458, NULL),
(459, 459, NULL),
(460, 460, NULL),
(461, 461, NULL),
(462, 462, NULL),
(463, 463, NULL),
(464, 464, NULL),
(465, 465, NULL),
(466, 466, NULL),
(467, 467, NULL),
(468, 468, NULL),
(469, 469, NULL),
(470, 470, NULL),
(471, 471, NULL),
(472, 472, NULL),
(473, 473, NULL),
(474, 474, NULL),
(475, 475, NULL),
(476, 476, NULL),
(477, 477, NULL),
(478, 478, NULL),
(479, 479, NULL),
(480, 480, NULL),
(481, 481, NULL),
(482, 482, NULL),
(483, 483, NULL),
(484, 484, NULL),
(485, 485, NULL),
(486, 486, NULL),
(487, 487, NULL),
(488, 488, NULL),
(489, 489, NULL),
(490, 490, NULL),
(491, 491, NULL),
(492, 492, NULL),
(493, 493, NULL),
(494, 494, NULL),
(495, 495, NULL),
(496, 496, NULL),
(497, 497, NULL),
(498, 498, NULL),
(499, 499, NULL),
(500, 500, NULL),
(501, 501, NULL),
(502, 502, NULL),
(503, 503, NULL),
(504, 504, NULL),
(505, 505, NULL),
(506, 506, NULL),
(507, 507, NULL),
(508, 508, NULL),
(509, 509, NULL),
(510, 510, NULL),
(511, 511, NULL),
(512, 512, NULL),
(513, 513, NULL),
(514, 514, NULL),
(515, 515, NULL),
(516, 516, NULL),
(517, 517, NULL),
(518, 518, NULL),
(519, 519, NULL),
(520, 520, NULL),
(521, 521, NULL),
(522, 522, NULL),
(523, 523, NULL),
(524, 524, NULL),
(525, 525, NULL),
(526, 526, NULL),
(527, 527, NULL),
(528, 528, NULL),
(529, 529, NULL),
(530, 530, NULL),
(531, 531, NULL),
(532, 532, NULL),
(533, 533, NULL),
(534, 534, NULL),
(535, 535, NULL),
(536, 536, NULL),
(537, 537, NULL),
(538, 538, NULL),
(539, 539, NULL),
(540, 540, NULL),
(541, 541, NULL),
(542, 542, NULL),
(543, 543, NULL),
(544, 544, NULL),
(545, 545, NULL),
(546, 546, NULL),
(547, 547, NULL),
(548, 548, NULL),
(549, 549, NULL),
(550, 550, NULL),
(551, 551, NULL),
(552, 552, NULL),
(553, 553, NULL),
(554, 554, NULL),
(555, 555, NULL),
(556, 556, NULL),
(557, 557, NULL),
(558, 558, NULL),
(559, 559, NULL),
(560, 560, NULL),
(561, 561, NULL),
(562, 562, NULL),
(563, 563, NULL),
(564, 564, NULL),
(565, 565, NULL),
(566, 566, NULL),
(567, 567, NULL),
(568, 568, NULL),
(569, 569, NULL),
(570, 570, NULL),
(571, 571, NULL),
(572, 572, NULL),
(573, 573, NULL),
(574, 574, NULL),
(575, 575, NULL),
(576, 576, NULL),
(577, 577, NULL),
(578, 578, NULL),
(579, 579, NULL),
(580, 580, NULL),
(581, 581, NULL),
(582, 582, NULL),
(583, 583, NULL),
(584, 584, NULL),
(585, 585, NULL),
(586, 586, NULL),
(587, 587, NULL),
(588, 588, NULL),
(589, 589, NULL),
(590, 590, NULL),
(591, 591, NULL),
(592, 592, NULL),
(593, 593, NULL),
(594, 594, NULL),
(595, 595, NULL),
(596, 596, NULL),
(597, 597, NULL),
(598, 598, NULL),
(599, 599, NULL),
(600, 600, NULL),
(601, 601, NULL),
(602, 602, NULL),
(603, 603, NULL),
(604, 604, NULL),
(605, 605, NULL),
(606, 606, NULL),
(607, 607, NULL),
(608, 608, NULL),
(609, 609, NULL),
(610, 610, NULL),
(611, 611, NULL),
(612, 612, NULL),
(613, 613, NULL),
(614, 614, NULL),
(615, NULL, 615),
(616, NULL, 616),
(617, NULL, 617),
(618, NULL, 618),
(619, NULL, 619),
(620, NULL, 620),
(621, NULL, 621),
(622, NULL, 622),
(623, NULL, 623),
(624, NULL, 624),
(625, NULL, 625);

-- --------------------------------------------------------

--
-- Структура таблицы `chat`
--

CREATE TABLE `chat` (
  `ChatId` int(11) NOT NULL,
  `FromWho` int(11) NOT NULL,
  `ToWho` int(11) NOT NULL,
  `Sms` varchar(1000) NOT NULL,
  `Data` varchar(12) NOT NULL,
  `Time` varchar(8) NOT NULL
) ENGINE=InnoDB DEFAULT CHARSET=utf8mb4;

--
-- Дамп данных таблицы `chat`
--

INSERT INTO `chat` (`ChatId`, `FromWho`, `ToWho`, `Sms`, `Data`, `Time`) VALUES
(1, 617, 1, 'dfljkgdflkjg', '27.5.2024', '10:02'),
(19, 617, 1, 'dsfgsdfgsdfg', '27.5.2024', '20:01'),
(20, 617, 1, 'Здравствуйте\r\nвааава', '27.5.2024', '20:02'),
(292, 617, 1, 'sdfgsdfg', '27.5.2024', '21:15'),
(293, 617, 1, 'dfgsdfg', '27.5.2024', '21:15'),
(294, 617, 1, 'dfgsdfg\r\n', '27.5.2024', '21:15'),
(295, 617, 1, 'ghhlghjkghjkgjhk', '27.5.2024', '21:15'),
(296, 617, 1, 'dfgdfhksdfgsdfsdfgsdfgsdfljgjhsfdjkpghjksdflghjkoadpshfjkladfshfjkladhsnfkj;asdhflkjadfshfkljhadenfjklghadfjklghajklsdfhgkljadfhgkljadfhgkjladehfgkjhadfgkjlhadfkljghadfjlhgkljadfhgjkladfhgkljadfhgjkladhfgkljahdfgkljhadfkgjhadflgjkhadfsljgadfgadfgasdfgadfgadfgadfgadf\r\n', '27.5.2024', '21:16'),
(297, 1, 617, 'sdfgsdfgsdfgsdfg', '27.5.2024', '21:25:25'),
(298, 617, 1, 'Привет', '27.5.2024', '21:52'),
(299, 1, 617, 'Привет', '27.5.2024', '22:00:26'),
(300, 1, 617, 'ывавпвпвп', '27.5.2024', '23:08:40'),
(301, 617, 1, 'епавпав', '27.5.2024', '23:10:07'),
(302, 1, 617, 'fdgdfhdfh', '27.5.2024', '23:19:49'),
(303, 1, 617, 'qqqqq', '27.5.2024', '23:20:21'),
(304, 1, 617, 'sdfsdf', '27.5.2024', '23:20:39'),
(305, 617, 1, 'aBZuji1A7kd', '27.5.2024', '23:17:34'),
(306, 1, 617, 'dfgdfg', '27.5.2024', '23:21:12'),
(307, 617, 1, 'dfsgsdfgsdfg', '27.5.2024', '23:23:24'),
(308, 617, 1, 'sdfgsdfg', '27.5.2024', '23:24:30'),
(309, 617, 1, 'dfsgdfgdf', '27.5.2024', '23:24:47'),
(310, 617, 1, 'dfsgsdfgsdfg', '27.5.2024', '23:27:09'),
(311, 617, 1, 'dfgdfghfdgh', '27.5.2024', '23:27:59'),
(312, 617, 1, 'sdfgdfg', '27.5.2024', '23:28:31'),
(313, 617, 1, 'dfgdfgdf', '27.5.2024', '23:30:17'),
(314, 617, 1, 'dfgdfgfdg', '27.5.2024', '23:30:27'),
(315, 617, 1, 'qqqqq', '27.5.2024', '23:30:46'),
(316, 617, 1, 'fgg', '27.5.2024', '23:30:49'),
(317, 617, 1, 'fdgdfhdfghdf\r\nfldg\r\nsdfdf', '27.5.2024', '23:34:24'),
(318, 617, 1, 'sdfsdf', '27.5.2024', '23:34:56'),
(319, 1, 617, 'sdfgdfg', '27.5.2024', '23:37:20'),
(320, 1, 617, '111', '27.5.2024', '23:37:23'),
(321, 1, 615, 'NJGHGHJ', '28.5.2024', '15:47:26'),
(322, 1, 615, '1111', '28.5.2024', '16:03:30'),
(323, 615, 1, 'sdfgfg', '28.5.2024', '17:38:55'),
(324, 1, 615, 'fghfgh', '28.5.2024', '17:39:01'),
(325, 1, 615, 'asdfgdsfgk\r\n', '28.5.2024', '20:24:49'),
(326, 1, 615, 'dfdsf', '28.5.2024', '20:25:02'),
(327, 615, 1, 'fgdfgdf', '28.5.2024', '20:25:11'),
(328, 615, 1, 'dfgfg', '28.5.2024', '20:25:13'),
(329, 1, 615, 'sdfgdfg', '28.5.2024', '20:25:06'),
(330, 1, 615, 'dfd', '28.5.2024', '20:25:17'),
(331, 1, 615, 'hjgklgjhlgl', '28.5.2024', '20:25:21'),
(332, 615, 1, 'mgjmhgjmn', '28.5.2024', '20:25:46'),
(333, 1, 615, 'Здравствуйте у меня болит голова\r\n', '28.5.2024', '22:34:06'),
(334, 615, 1, 'Нет, это у меня болит голова', '28.5.2024', '20:29:52'),
(335, 1, 615, 'Провет\r\n', '28.5.2024', '22:37:03'),
(336, 615, 1, 'Пока', '28.5.2024', '22:38:05'),
(337, 1, 615, 'dfghfghfg', '29.5.2024', '10:34:42'),
(338, 1, 615, '123', '29.5.2024', '01:44:00'),
(339, 618, 78, 'dfgfhdfhdfgh', '1.6.2024', '19:26:35'),
(340, 618, 328, 'qweqwewqe', '1.6.2024', '19:27:17'),
(341, 615, 1, 'Бобо\r\n', '1.6.2024', '19:47:20'),
(342, 1, 617, '2222', '1.6.2024', '20:00:09'),
(343, 1, 617, '2222', '1.6.2024', '20:00:09'),
(344, 1, 617, '3333', '1.6.2024', '20:00:43'),
(345, 1, 617, 'fgfhfh', '1.6.2024', '20:00:54'),
(346, 615, 1, '1111111', '1.6.2024', '21:12:00'),
(347, 615, 2, 'fghfghfg', '3.6.2024', '16:50:25'),
(348, 1, 617, '11111', '8.6.2024', '19:42:52'),
(349, 1, 617, '11111', '8.6.2024', '19:42:52'),
(350, 1, 617, '11111', '8.6.2024', '19:42:52'),
(351, 1, 617, '11111', '8.6.2024', '19:42:52'),
(352, 1, 617, '11111', '8.6.2024', '19:42:52'),
(353, 1, 617, '11111', '8.6.2024', '19:42:52'),
(354, 1, 617, '11111', '8.6.2024', '19:42:52'),
(355, 1, 617, '11111', '8.6.2024', '19:42:52'),
(356, 1, 617, '11111', '8.6.2024', '19:42:52'),
(357, 1, 617, 'rtytrgtrg', '8.6.2024', '19:43:48'),
(358, 620, 90, 'Здравствуйте', '10.6.2024', '21:50:47'),
(359, 90, 620, 'Здравствуйте', '10.6.2024', '21:53:04'),
(382, 620, 90, 'sdfdsf', '2024-06-11', '16:36:00'),
(383, 620, 90, '11111', '2024-06-11', '16:37:58'),
(384, 620, 90, '22222', '11.06.2024', '16:40:23'),
(385, 620, 90, '3333', '11.06.2024', '16:43:59'),
(387, 620, 90, '4545', '11.6.2024', '17:42:52'),
(388, 620, 90, '12323', '11.6.2024', '17:45:13'),
(389, 620, 90, '1', '11.6.2024', '17:46:17'),
(390, 620, 90, '222', '11.6.2024', '18:10:34'),
(391, 620, 90, 'ffghf', '11.6.2024', '18:17:53'),
(392, 620, 90, '4444', '11.6.2024', '18:18:11'),
(393, 620, 90, '1111', '11.6.2024', '18:18:18'),
(394, 620, 90, '6666', '12.6.2024', '09:55:15'),
(395, 620, 90, '1212', '12.6.2024', '10:46:34'),
(396, 620, 90, 'rtrtr', '12.6.2024', '11:00:10'),
(397, 620, 90, '4545', '12.6.2024', '11:05:02'),
(398, 620, 90, 'rtrt', '12.6.2024', '11:05:20'),
(399, 620, 90, '343', '12.6.2024', '11:13:19'),
(400, 620, 90, '111', '12.6.2024', '11:13:26'),
(401, 620, 90, '2222', '12.6.2024', '11:13:37'),
(402, 620, 281, 'dsfsdfs', '12.6.2024', '14:49:40'),
(403, 620, 281, 'gfghgf', '12.6.2024', '14:51:08'),
(404, 620, 281, 'sdfdf', '12.6.2024', '15:07:43'),
(451, 620, 281, 'fvvvvvv', '12.6.2024', '16:01:17'),
(510, 620, 281, '123123', '12.6.2024', '16:43:54'),
(511, 620, 281, '44444', '12.6.2024', '16:44:41'),
(512, 620, 281, '656565', '12.6.2024', '16:44:49'),
(513, 620, 281, 'kdjfdgg', '12.6.2024', '16:51:09'),
(514, 620, 281, 'dfdfdf', '12.6.2024', '16:51:09'),
(515, 620, 281, 'flgfh', '12.6.2024', '16:51:42'),
(516, 620, 281, 'dfdgfgh', '12.6.2024', '16:52:46'),
(517, 620, 281, 'bbbbbb', '12.6.2024', '16:52:56'),
(518, 620, 90, 'dfdfdfdf', '12.6.2024', '16:53:08'),
(519, 620, 90, 'ertetet', '12.6.2024', '16:53:08'),
(520, 620, 90, 'cbvcvbvb', '12.6.2024', '16:53:19'),
(521, 620, 281, 'rtrtrt', '12.6.2024', '16:53:19'),
(522, 620, 281, 'cvcv', '12.6.2024', '16:53:53'),
(523, 620, 281, 'gfgfg', '12.6.2024', '16:55:55'),
(524, 620, 281, 'hjhj', '12.6.2024', '17:00:16'),
(525, 620, 281, 'hjhjgh', '12.6.2024', '17:00:16'),
(526, 620, 281, 'dfdf', '12.6.2024', '17:00:35'),
(527, 620, 281, 'dfdfwe', '12.6.2024', '17:00:35'),
(528, 620, 281, 'Здрасти\n', '12.6.2024', '17:02:57'),
(529, 620, 281, 'Здрастити\n', '12.6.2024', '17:02:57'),
(530, 620, 281, 'Здраститити', '12.6.2024', '17:03:51'),
(531, 620, 281, 'Здрастититити', '12.6.2024', '17:05:08'),
(532, 620, 281, 'Здраститититити', '12.6.2024', '17:05:42'),
(533, 620, 281, '23232', '12.6.2024', '17:05:42'),
(534, 620, 281, '454545', '12.6.2024', '17:06:41'),
(535, 620, 281, 'митити', '12.6.2024', '17:06:41'),
(536, 620, 281, 'trtrtrtrt', '12.6.2024', '17:07:47'),
(537, 620, 281, 'bvbvbvb', '12.6.2024', '17:08:27'),
(538, 620, 281, 'cvbcbc', '12.6.2024', '17:08:54'),
(539, 620, 281, 'cvbvbvbvb', '12.6.2024', '17:09:08'),
(540, 620, 281, 'cvcvcv', '12.6.2024', '17:10:20'),
(541, 620, 281, 'wewrwer', '12.6.2024', '17:25:02'),
(542, 281, 620, 'Здравствуйте\n', '12.6.2024', '17:32:21'),
(543, 281, 620, 'Привет', '12.6.2024', '17:32:21'),
(544, 620, 281, 'Драсти', '12.6.2024', '17:32:59'),
(545, 281, 620, 'Драсти', '12.6.2024', '17:36:39'),
(546, 620, 281, 'Драсти', '12.6.2024', '17:37:07'),
(547, 620, 281, 'говго', '12.6.2024', '17:37:07'),
(548, 281, 620, 'гоаног', '12.6.2024', '17:36:39'),
(549, 281, 620, 'гоаног', '12.6.2024', '17:36:39'),
(550, 281, 620, '111111', '12.6.2024', '17:39:51'),
(551, 281, 620, '222222', '12.6.2024', '17:40:51'),
(552, 620, 281, '333333', '12.6.2024', '17:41:10'),
(553, 281, 615, 'Здравствуйте', '12.6.2024', '17:40:51'),
(554, 615, 281, 'Здравствйте', '12.6.2024', '17:44:35'),
(555, 615, 1, '2222', '13.6.2024', '17:01:18'),
(556, 615, 1, '33333', '13.6.2024', '17:14:35'),
(557, 615, 1, 'efefef', '13.6.2024', '17:15:07'),
(558, 615, 1, '4545', '13.6.2024', '17:16:39'),
(559, 615, 1, '7777', '13.6.2024', '17:17:37'),
(560, 615, 1, '88888', '13.6.2024', '17:18:10'),
(561, 615, 1, '9999', '13.6.2024', '17:19:07'),
(562, 615, 1, 'fgfgg', '13.6.2024', '17:19:33'),
(563, 615, 1, '00000', '13.6.2024', '17:22:37'),
(564, 615, 1, '111111', '13.6.2024', '17:22:57'),
(565, 615, 1, '222222', '13.6.2024', '17:23:12'),
(566, 615, 1, '33333', '13.6.2024', '17:24:04'),
(567, 615, 1, '44444', '13.6.2024', '17:24:45'),
(568, 615, 1, '55555', '13.6.2024', '17:25:01'),
(569, 615, 1, '66666', '13.6.2024', '17:26:13'),
(570, 615, 1, '77', '13.6.2024', '17:26:35'),
(571, 615, 1, '8888', '13.6.2024', '17:26:35'),
(572, 620, 90, 'dfhdfh', '15.6.2024', '00:32:45'),
(573, 620, 281, 'dfvfdgvf', '15.6.2024', '01:04:55');

-- --------------------------------------------------------

--
-- Структура таблицы `city`
--

CREATE TABLE `city` (
  `CityId` int(11) NOT NULL,
  `CityValue` varchar(100) NOT NULL
) ENGINE=InnoDB DEFAULT CHARSET=utf8mb4;

--
-- Дамп данных таблицы `city`
--

INSERT INTO `city` (`CityId`, `CityValue`) VALUES
(1, 'Люберцы'),
(2, 'Подольск'),
(3, 'Дзержинский'),
(4, 'Воскресенск'),
(5, 'Серпухов'),
(6, 'Солнечногорск'),
(7, 'Луховицы'),
(8, 'Раменское'),
(9, 'Павловский Посад'),
(10, 'Балашиха'),
(11, 'Орехово-Зуево'),
(12, 'Серебрянные Пруды'),
(13, 'Шатура'),
(14, 'Дмитров'),
(15, 'Сергиевский'),
(16, 'Ивантеевка');

-- --------------------------------------------------------

--
-- Структура таблицы `indexx`
--

CREATE TABLE `indexx` (
  `IndexxId` int(11) NOT NULL,
  `IndexxValue` varchar(100) NOT NULL
) ENGINE=InnoDB DEFAULT CHARSET=utf8mb4;

--
-- Дамп данных таблицы `indexx`
--

INSERT INTO `indexx` (`IndexxId`, `IndexxValue`) VALUES
(1, '140014'),
(2, '142110'),
(3, '140090'),
(4, '140203'),
(5, '142209'),
(6, '141501'),
(7, '140500'),
(8, '140100'),
(9, '142500'),
(10, '143900'),
(11, '142605'),
(12, '142970'),
(13, '140700'),
(14, '141800'),
(15, '140491'),
(16, '141282');

-- --------------------------------------------------------

--
-- Структура таблицы `med`
--

CREATE TABLE `med` (
  `MedId` int(11) NOT NULL,
  `MedName` varchar(200) NOT NULL,
  `AdressCode` int(11) NOT NULL,
  `CityCode` int(11) NOT NULL,
  `IndexxCode` int(11) NOT NULL
) ENGINE=InnoDB DEFAULT CHARSET=utf8mb4;

--
-- Дамп данных таблицы `med`
--

INSERT INTO `med` (`MedId`, `MedName`, `AdressCode`, `CityCode`, `IndexxCode`) VALUES
(1, 'Все клиники', 1, 1, 1),
(2, 'ГБУЗ МО \"Московской областной центр охраны материнства и детства\"', 1, 1, 1),
(3, 'ГБУЗ МО \"Подольская областная клиническая больница\"', 2, 2, 2),
(4, 'ГБУЗ МО \"Дзержинская городская больница\"', 3, 3, 3),
(5, 'ГБУЗ Московской области \"Воскресенская больница\"', 4, 4, 4),
(6, 'ГБУЗ МО Серпуховская центральная районная больница', 5, 5, 5),
(7, 'ГБУЗ МО \"Солнечногорская Областная Больница\"', 6, 6, 6),
(8, 'ГБУЗ МО Луховицкая ЦРБ', 7, 7, 7),
(9, 'ГБУЗ Московской области \"Раменская больница\"', 8, 8, 8),
(10, 'Женская консультация (Павлово-Посадская ЦРБ)', 9, 9, 9),
(11, 'ГБУЗ Московской области «Балашихинская областная больница»', 10, 10, 10),
(12, 'ГБУЗ МО Орехово-Зуевская ОБ', 11, 11, 11),
(13, 'ГБУЗ МО \"СЕРЕБРЯНО-ПРУДСКАЯ ЦРБ\"', 12, 12, 12),
(14, 'ГБУЗ МО \"ШАТУРСКАЯ ОБЛАСТНАЯ БОЛЬНИЦА\"', 13, 13, 13),
(15, 'ГБУЗ МО Дмитровская областная больница', 14, 14, 14),
(16, 'ГБУЗ Московской области «Коломенская больница» Сергиевская поликлиника', 15, 15, 15),
(17, 'ГБУЗ МО Ивантеевская центральная городская больница', 16, 16, 16);

-- --------------------------------------------------------

--
-- Структура таблицы `medpost`
--

CREATE TABLE `medpost` (
  `MedPostId` int(11) NOT NULL,
  `MedCode` int(11) NOT NULL,
  `PostCode` int(11) NOT NULL
) ENGINE=InnoDB DEFAULT CHARSET=utf8mb4;

--
-- Дамп данных таблицы `medpost`
--

INSERT INTO `medpost` (`MedPostId`, `MedCode`, `PostCode`) VALUES
(1, 2, 1),
(2, 2, 6),
(3, 2, 31),
(4, 2, 37),
(5, 2, 41),
(6, 3, 1),
(7, 3, 8),
(8, 3, 15),
(9, 3, 23),
(10, 3, 29),
(11, 3, 36),
(12, 3, 37),
(13, 3, 49),
(14, 3, 53),
(15, 3, 55),
(16, 3, 59),
(17, 3, 61),
(18, 4, 1),
(19, 4, 8),
(20, 4, 29),
(21, 4, 49),
(22, 4, 61),
(23, 5, 1),
(24, 5, 6),
(25, 5, 8),
(26, 5, 18),
(27, 5, 21),
(28, 5, 22),
(29, 5, 23),
(30, 5, 29),
(31, 5, 36),
(32, 5, 37),
(33, 5, 49),
(34, 5, 55),
(35, 5, 61),
(36, 6, 1),
(37, 6, 6),
(38, 6, 8),
(39, 6, 37),
(40, 6, 49),
(41, 6, 55),
(42, 6, 61),
(43, 7, 1),
(44, 7, 2),
(45, 7, 6),
(46, 7, 8),
(47, 7, 18),
(48, 7, 22),
(49, 7, 23),
(50, 7, 29),
(51, 7, 37),
(52, 7, 49),
(53, 7, 51),
(54, 7, 55),
(55, 7, 61),
(56, 8, 1),
(57, 8, 3),
(58, 8, 6),
(59, 8, 8),
(60, 8, 9),
(61, 8, 17),
(62, 8, 22),
(63, 8, 23),
(64, 8, 25),
(65, 8, 29),
(66, 8, 34),
(67, 8, 36),
(68, 8, 37),
(69, 8, 40),
(70, 8, 49),
(71, 8, 51),
(72, 8, 53),
(73, 8, 55),
(74, 8, 58),
(75, 8, 59),
(76, 9, 1),
(77, 9, 4),
(78, 9, 6),
(79, 9, 8),
(80, 9, 10),
(81, 9, 16),
(82, 9, 17),
(83, 9, 22),
(84, 9, 23),
(85, 9, 29),
(86, 9, 31),
(87, 9, 32),
(88, 9, 36),
(89, 9, 37),
(90, 9, 38),
(91, 9, 43),
(92, 9, 46),
(93, 9, 49),
(94, 9, 51),
(95, 9, 53),
(96, 9, 54),
(97, 9, 55),
(98, 9, 59),
(99, 9, 60),
(100, 9, 61),
(101, 10, 1),
(102, 11, 1),
(103, 11, 4),
(104, 11, 6),
(105, 11, 8),
(106, 11, 10),
(107, 11, 23),
(108, 11, 27),
(109, 11, 29),
(110, 11, 36),
(111, 11, 37),
(112, 11, 49),
(113, 11, 51),
(114, 11, 55),
(115, 11, 61),
(116, 12, 1),
(117, 12, 6),
(118, 12, 8),
(119, 12, 37),
(120, 12, 49),
(121, 12, 55),
(122, 12, 59),
(123, 13, 1),
(124, 13, 14),
(125, 13, 55),
(126, 14, 1),
(127, 14, 6),
(128, 14, 8),
(129, 14, 27),
(130, 14, 29),
(131, 14, 34),
(132, 14, 49),
(133, 14, 55),
(134, 14, 59),
(135, 15, 1),
(136, 15, 6),
(137, 15, 8),
(138, 15, 10),
(139, 15, 14),
(140, 15, 29),
(141, 15, 37),
(142, 15, 44),
(143, 15, 49),
(144, 15, 51),
(145, 15, 61),
(146, 16, 49),
(147, 16, 55),
(148, 17, 1),
(149, 17, 6),
(150, 17, 8),
(151, 17, 20),
(152, 17, 33),
(153, 17, 35),
(154, 17, 39),
(155, 17, 41),
(156, 17, 52),
(157, 17, 57),
(158, 17, 61);

-- --------------------------------------------------------

--
-- Структура таблицы `personal`
--

CREATE TABLE `personal` (
  `PersonalId` int(11) NOT NULL,
  `Fio` varchar(300) NOT NULL,
  `PostTime` varchar(30) NOT NULL,
  `MedPostCode` int(11) NOT NULL,
  `phone` varchar(11) NOT NULL,
  `password` varchar(100) NOT NULL
) ENGINE=InnoDB DEFAULT CHARSET=utf8mb4;

--
-- Дамп данных таблицы `personal`
--

INSERT INTO `personal` (`PersonalId`, `Fio`, `PostTime`, `MedPostCode`, `phone`, `password`) VALUES
(1, 'Гянджумян Кристина Меликовна', '1 год', 1, '79805023785', 'aBZuji1A7kd'),
(2, 'Иваницкая Галина Петровна', '6 лет 6 мес.', 1, '79850274999', 'qXMTahIN1Li'),
(3, 'Селимханова Фатима Солтановна', '2 года 4 мес.', 1, '79031534962', 'ZS3SEAIxQS9'),
(4, 'Шустова Татьяна Васильевна', '8 лет 11 мес.', 1, '79055558432', 'HSxsBWGXs8Q'),
(5, 'Утина Тамара Сергеевна', '30 лет 7 мес.', 1, '79348131024', 'cZ8dnhGachY'),
(6, 'Долгих Яна Александровна', '12 лет 2 мес.', 2, '79059927097', '6i34Vf6WiwG'),
(7, 'Лаврентьева Инна Николаевна', '23 года 6 мес.', 3, '79632727894', 'qez16EVMszn'),
(8, 'Бадабиев Динсолтан Автарханович', '4 года 1 мес.', 4, '79992756520', 'U2XAybtnzMp'),
(9, 'Раджапова Гульчехра Сапарклычевна', '10 лет 5 мес.', 4, '79509245234', 'wAYtfS2i5Hm'),
(10, 'Шихахмедова Диана Тавекуловна', '1 год 5 мес.', 4, '79888484795', 'Vzro7M2sFrN'),
(11, 'Абдулгамидов Магомед Асхабарович', '2 года 4 мес.', 4, '79080063404', 'HZHTJM7jlTA'),
(12, 'Бурдыко Елена Анатольевна', '10 лет 5 мес.', 4, '79815900172', 'IWZcB61lxiR'),
(13, 'Дьяченко Анна Валерьевна', '15 лет 9 мес.', 4, '79873516469', '1PbZwQTjlOU'),
(14, 'Захарова Анастасия Владиславовна', '7 мес.', 4, '79288209163', 'qC8ynGiGmnx'),
(15, 'Ичалова Хадижат Гаджиахмедовна', '2 года', 4, '79856148934', '8QEzHrm3PCu'),
(16, 'Курбатова Инна Владимировна', '16 лет 1 мес.', 4, '79689349499', 'hX8oCPUCnRm'),
(17, 'Магомедибиров Магомеддибир Гусейнович', '2 года', 4, '79925604452', 'BoLEJVl9Xeb'),
(18, 'Мухумаева Патимат Зайирбеговна', '1 год 3 мес.', 4, '79067100002', 'Q1C9vG9nXAl'),
(19, 'Подгорная Дарья Витальевна', '3 года 10 мес.', 4, '79162732087', '3uKH3Y8WGqJ'),
(20, 'Сечина Анастасия Владимировна', '5 лет 5 мес.', 4, '79181000289', '8aOfYCZgEpU'),
(21, 'Турабелидзе Нино Семеновна', '24 года', 4, '79090112910', '7raquu4fn2T'),
(22, 'Иващенко Лилия Юрьевна', '6 лет 10 мес.', 5, '79117121943', '3rtlKU4wqOo'),
(23, 'Женская Консультация Кузнечикик', '1 год 2 мес.', 6, '79805970182', 'OLSz1aHsYj5'),
(24, 'Гордеева Мария Вячеславна', '16 лет 2 мес.', 6, '79560450017', '2Z4JmhqsBa5'),
(25, 'Коваленко Мария Александровна', '7 лет', 6, '79304360273', 'rKXAlc88TXn'),
(26, 'Гаджиева Лаура Омариевна', '1 год 3 мес.', 6, '79387011222', '2Bvr6f4Pcpp'),
(27, 'Кристева Татьяна Констатиновна', '7 лет', 6, '79139933035', '21XbOYLAJzZ'),
(28, 'Мосалова Ирина Николаевна', '2 года 10 мес.', 6, '79619257481', 'drsRKoYhb1K'),
(29, 'Путятина Людмила Валерьевна', '2 года 2 мес.', 6, '79334310006', 'ug4B4ltWt2r'),
(30, 'Филимова Виктория Викторовна', '2 года 2 мес.', 6, '79228779014', 'cfS0lHL3uoy'),
(31, 'Васильевна Надежда Николаевна', '1 год 2 мес.', 6, '79675342754', 'DIjZS3J8I5g'),
(32, 'Лич-Горяева Саглара Сергеевна', '1 год 2 мес.', 6, '79975911574', 'Db255Zui17n'),
(33, 'Аракелова Галина Юрьевна', '2 года 2 мес.', 6, '79621402703', 'yPPFLDC7WBW'),
(34, 'Беляева Юлия Олеговна', '1 год 2 мес.', 6, '79544613609', 'J4K1Ti0FCQa'),
(35, 'Марченко Екатерина Викторовна', '4 года 1 мес.', 6, '79381495534', 'K6P2PzGOrg5'),
(36, 'Норжигитова Лола Садыкова', '24 года 2 мес.', 7, '79688949524', 'rj3OezIVHsd'),
(37, 'Каримова Гульбахор Алишеровна', '1 год 2 мес.', 7, '79124160729', 'vHixQqsq2ZO'),
(38, 'Мазуренко Анна Юрьевна', '1 год 2 мес.', 7, '79674374290', 'hF6VWTpJh9m'),
(39, 'Жмурова Дарья Николаевна', '1 год', 7, '79196973184', 'Gk0B0Bn11kZ'),
(40, 'Яблоков Артём Игоревич', '2 года 1 мес.', 7, '79133588296', 'EPhpUA5fdpk'),
(41, 'Аристархова Любовь Алексеевна', '2 года 10 мес.', 7, '79509619987', '1qooXDB9mNZ'),
(42, 'Байрамов Валех Эхтиядж Оглы', '5 лет 5 мес.', 7, '79812825496', 'qToR54iqEOw'),
(43, 'Ветошкина Ирина Анатольевна', '27 лет 2 мес.', 7, '79153385650', 'Q6FXkw0vBm1'),
(44, 'Говорова Анна Сергеевна', '1 год 2 мес.', 7, '79703964963', 'TCEqMFy3kgn'),
(45, 'Диомидов Данила Павлович', '2 года 4 мес.', 7, '79333806920', 'hjGSvZrGS3Z'),
(46, 'Карамышев Александр Алексеевич', '1 год 5 мес.', 7, '79306907664', 'M5SPV5UouTU'),
(47, 'Кольцова Екатерина Сергеевна', '2 года 1 мес.', 7, '79510095179', 'NQCskkXc8K3'),
(48, 'Кравцова Нонна Сергеевна', '6 лет 5 мес.', 7, '79828099476', 'j6uGT3M6DI5'),
(49, 'Ланцева Татьяна Васильевна', '2 года 10 мес.', 7, '79212360442', '9x73BoyXIfT'),
(50, 'Магомадова Элиза Имрановна', '1 год 2 мес.', 7, '79056717106', '0S3i5jEwk7T'),
(51, 'Матвеев Александр Васильевич', '1 год 4 мес.', 7, '79349165091', 'iCrZyCp6wC2'),
(52, 'Матусова Надежда Федотовна', '2 года 10 мес.', 7, '79913185611', '6JKn4fQV3QO'),
(53, 'Набиулин Ренат Велиджанович', '2 года 10 мес.', 7, '79785541646', 'MCYSxCWe6dm'),
(54, 'Нагаев Ахмед Бисланович', '1 год 7 мес.', 7, '79713541613', '5P5AlUPdVwS'),
(55, 'Пашинская Лариса Юрьевна', '24 года 2 мес.', 7, '79270205541', 'Cs1FZHec6NP'),
(56, 'Пономарёва Ольга Валерьевна', '1 год 7 мес.', 7, '79601505020', 'HZGbPL1nNOa'),
(57, 'Пшедромирский Андрей Сергеевич', '3 года 5 мес.', 7, '79285633309', 'zsZ1dpPjPoB'),
(58, 'Рютова Наталья Анатольевна', '2 года 10 мес.', 7, '79707778948', 'OLvrk5f02MY'),
(59, 'Сафаров Хамза Юсупович', '1 год 5 мес.', 7, '79838393659', '7iqTwcblmYV'),
(60, 'Солодовникова Елена Сергеевна', '24 года 2 мес.', 7, '79535034446', 'hlbCJbhCkH0'),
(61, 'Спицына Виолетта Дмитриевна', '2 года 10 мес.', 7, '79924200904', 'f8tIjEaKmxM'),
(62, 'Тернова Ольга Константиновна', '1 год 6 мес.', 7, '79812045028', 'gy9s9KDGAws'),
(63, 'Тимошенко Алевтина Александровна', '2 года 2 мес.', 7, '79287129327', '9WGjGV9CCQC'),
(64, 'Толмаева Ольга Николаевна', '2 года 10 мес.', 7, '79286431926', 'YZivDVjxY18'),
(65, 'Турыгина Людмила Юрьевна', '2 года 5 мес.', 7, '79618836329', 'gw5hgQ1EeF4'),
(66, 'Чернышов Дмитрий Сергеевич', '4 мес.', 7, '79250065172', 'PiZajD1bcOU'),
(67, 'Мамсурова Екатерина Валерьевна', '4 года 2 мес.', 8, '79140533654', '6iFGffXw5bb'),
(68, 'Ашуров Голиб Джумахонович', '1 год 8 мес.', 9, '79787996657', 'RvpYiiuXUD2'),
(69, 'Гусейнова Лейла Магомедвелиевна', '4 года 2 мес.', 9, '79504877724', '8LeKw1Ef2Lo'),
(70, 'Зингаль Елена', '2 года 10 мес.', 9, '79820221831', 'XbOhp4EHhoV'),
(71, 'Ионкина Алла Анатольевна', '24 года 2 мес.', 9, '79770431666', 'FxQ5xukmW6N'),
(72, 'Корягин Антон Андреевич', '1 год 6 мес.', 10, '79569009414', 'Bl5X7LBpyZG'),
(73, 'Воронова Виктория Владимировна', '2 года 10 мес.', 10, '79516047494', 'VDNmjHT4TLj'),
(74, 'Няшина Ирина Николаевна', '24 года 2 мес.', 10, '79623702595', 'bL0XI4WbX6E'),
(75, 'Целуйко Татьяна Ефимова', '1 год 2 мес.', 11, '79363073623', '4GG7bW584MR'),
(76, 'Выписка Справок', '4 года 2 мес.', 12, '79626130137', 'AbJUoU8AJP8'),
(77, 'Кабинет Злорового ребенка-Кузнечики', '1 год 2 мес.', 12, '79324490076', 'l93Ymldrh32'),
(78, 'Кабинет Льготной Выписки №322 (ОСП 6)', '12 лет 2 мес.', 13, '79772994977', 'Ya2Cc3bZIHT'),
(79, 'Кабинет Льготной Выписки №211 (ОСП №7 мкр.Львовский)', '5 лет 2 мес.', 13, '79387019720', 'yRDZwg7UwGs'),
(80, 'Кабинет ТМК по Закрытию ЭЛН ОСП 3', '1 год 2 мес.', 13, '79881566905', 'JGfnoF5sf6I'),
(81, 'Диспансерное наблюдение по ТМК', '1 год 2 мес.', 13, '79113544626', 'j08WHj2I5mz'),
(82, 'Кабинет Льготной Выписки №207(ОСП 5)', '10 лет 6 мес.', 13, '79961057036', '1C8hjXwKE2C'),
(83, 'Кабинет ТМК по Закрытию ЭЛН ОСП 1', '5 мес.', 13, '79936339195', 'cBOG0I8x1mb'),
(84, 'Кабинет Льготной Выписки №106(ОСП 1)', '1 год 8 мес.', 13, '79229309081', 'Z829YRdJZNg'),
(85, 'Кабинет по закрытию ЛВН ТМК №431(ОСП 4)', '6 лет 2 мес.', 13, '79135542161', '3KDMvKEIj1h'),
(86, 'Кабинет закрытия листков нетрудноспособности(ОСП 6)', '23 года 2 мес.', 13, '79620304486', 'N2PlbkPLaMH'),
(87, 'Гусейнова Мехрибан Расуловна', '2 года 10 мес.', 13, '79367022253', 'OFmrb6m60HF'),
(88, 'Кабинет Льготной Выписки №136(Ленинград)', '3 года 2 мес.', 13, '79186381111', '5hU1tigDD7B'),
(89, 'Матусовна Надежда Федотовна', '2 года 10 мес.', 13, '79307425530', 'pD4vX7Hptu4'),
(90, 'Морозова Наталья Викторовна', '13 лет 2 мес.', 13, '79681696840', 'UWgw6XDkOyR'),
(91, 'ТМК Закрытие ЭЛН(ОСП 2)', '5 мес.', 13, '79250629980', '6p3tJaPMQz4'),
(92, 'Хаинский Алексей Валерьевич', '24 года 2 мес.', 14, '79366124705', 'IqqoKpTc7Qq'),
(93, 'Милеев Андрей Сергеевич', '4 года 2 мес.', 15, '79031628901', 'i99hTdO5axl'),
(94, 'Бугаева Марина Петровна', '12 лет 2 мес.', 15, '79610692220', '0FpQZqQolbM'),
(95, 'Золотухина Мария Александровна', '24 года 2 мес.', 16, '79881417835', 'tYX9El974Q6'),
(96, 'Копытко Екатерина', '13 лет 2 мес.', 17, '79946664662', 'KGfnoo6uNLy'),
(97, 'Тимофеева Светлана Анатольевна', '4 года 7 мес.', 17, '79047861096', 'KWWC8AmuEtk'),
(98, 'Федорченко Людмила', '20 лет 2 мес.', 17, '79782214595', 'FqQTCNnMQ5M'),
(99, 'Кадырова Малахат Могуббат', '1 год', 18, '79014207842', 'k3Yy3gr2BuL'),
(100, 'Лобанова Надежда Николаевна', '1 год', 18, '79855349329', 'lht4AVUvWmh'),
(101, 'Долгова Анна Вячеславовна', '1 год', 18, '79618705927', 'ChV21oYNqNy'),
(102, 'Хромова Елена Васильевна', '1 год', 18, '79683811096', 'tLxS6dGDS40'),
(103, 'Хасаева Милана Ибрагимовна', '1 год', 18, '79344824920', 'paSMKD4O40J'),
(104, 'Бесултанов Жабраил Хусаинович', '10 мес.', 19, '79061958578', 'tkel18br04G'),
(105, 'Бирюкова Юлия Анатольевна', '1 год 2 мес.', 19, '79802830579', '4KT1uZ8e6gV'),
(106, 'Гойтемиров Хасан Увайсови', '1 год 2 мес.', 19, '79777442487', 'K4M5WjrCZES'),
(107, 'Дедишев Мансур Асламбекович', '1 год 2 мес.', 19, '79931446922', 'ofRr48Z6OwK'),
(108, 'Зайцева Светлана Александровна', '1 год 2 мес.', 19, '79999050064', 'gMEqAPn1EZg'),
(109, 'Князева Ксения Андреевна', '1 год 2 мес.', 19, '79617120734', 'PIPFMIg8tkV'),
(110, 'Кузмина Ольга Валерьевна', '11 мес.', 19, '79317793327', 'BM2O5HfL9AL'),
(111, 'Махмудов Алиджон Эргашович', '1 год 2 мес.', 19, '79842764816', '1hu7vHBsB2B'),
(112, 'Пашина Ольга Петровна', '1 год 2 мес.', 19, '79234454626', 'Xz61X0f5Fxn'),
(113, 'Пехотная Валерия Александровна', '1 год 2 мес.', 19, '79055960810', 'niRst13LjLy'),
(114, 'Прокофьева Ирина Анатольевна', '1 год 2 мес.', 19, '79064934502', 'If42A63lDt2'),
(115, 'Суслина Алина Рашидовна', '1 год 2 мес.', 19, '79143928762', 'uHhPX9rLrnn'),
(116, 'Фаткуллина Алия Индусовна', '1 год 2 мес.', 19, '79280264474', 'Qo5MQlbomHv'),
(117, 'Хачатрян Лилит Самвеловна', '1 год 2 мес.', 19, '79337875277', 'QVWUc4XJNZ5'),
(118, 'Хизриев Анвар Им-алиевич', '1 год 2 мес.', 19, '79556297645', 'Bty0powl0vf'),
(119, 'Кабаев Николай Александрович', '1 год 5 мес.', 20, '79099082068', 'mX2GmkXkHtq'),
(120, 'Махмудов Хусан Махмудович', '1 год 5 мес.', 20, '79911222926', 'dgQPZoylY8a'),
(121, 'Кабиент Льготной выписки', '1 год 8 мес.', 21, '79177237009', 'hNvSD68vsc3'),
(122, 'Березникова Александра Александровна', '5 мес.', 22, '79665944852', 'pZHsPILmpM9'),
(123, 'Шахбиева Заира Асламбековна', '1 год 2 мес.', 22, '79801147363', 'EsLanoMZhd3'),
(124, 'Филатова Татьяна Александровна', '24 года 2 мес.', 23, '79127954840', 'oMO2XZytSWD'),
(125, 'Базий Елена Витальевна', '19 лет 5 мес.', 23, '79004083925', 'cEvB28wCVOI'),
(126, 'Кречетова Марина Владимировна', '1 мес.', 23, '79046023826', 'Hb6KZ6pIuJ6'),
(127, 'Подшибякина Элина Александровна', '1 год 8 мес.', 23, '79015627179', 'bLm3T9yXZBm'),
(128, 'Воронцова Нина Михайловна', '6 лет 4 мес.', 23, '79053544484', '4DVmd5xipkQ'),
(129, 'Кондрыкинская Елена Юрьевна', '19 лет 5 мес.', 23, '79814025611', 'JNa2vPHCetA'),
(130, 'Симунина Елена Владимировна', '11 лет 5 мес.', 23, '79294278898', 'yI4B6AKHEza'),
(131, 'Зима Виктория Юрьевна', '3 года 7 мес.', 23, '79688531856', 'bTJh8ndFbs9'),
(132, 'Кулькина Кристина Александровна', '9 лет 6 мес.', 23, '79657396955', 'QqsC9RQmeRX'),
(133, 'Бахронова Ганджина Одинаевна', '2 года 7 мес.', 23, '79956096239', 'kntSXW2Ltpf'),
(134, 'Белова Надежда Николаевна', '19 лет 5 мес.', 23, '79910167510', 'S1jqlrpKJND'),
(135, 'Дрынкина Анна Александрва', '7 лет 8 мес.', 23, '79675317618', 'gLGSI5mWq35'),
(136, 'Еникеева Лилия Авдолохатьевна', '6 лет 4 мес.', 23, '79139395159', 'wPvR1yuHsqh'),
(137, 'Павлинова Светлана Владимировна', '24 года 2 мес.', 23, '79895177928', 'gmzYXCv1WDb'),
(138, 'Турдалиева Шохида Тажидиновна', '2 года 8 мес.', 23, '79110486521', 'Ix3yv45mF7a'),
(139, 'Хамроева Фируза Бобокул Кизи', '1 год 6 мес.', 23, '79872858810', 'B9JMHmucrY8'),
(140, 'Аильчиева Майя Пюрвеевна', '1 год 1 мес.', 24, '79548766552', 'ojMPmJxWU2F'),
(141, 'Делиховская Людмила Александровна', '2 года 11 мес.', 24, '79360133801', 'uA5Ynk0jZsv'),
(142, 'Наумова Ирина Валерьевна', '3 года 7 мес.', 24, '79084922455', 'DbBON2wrdla'),
(143, 'Колоскова Ирина Рашитовна', '12 лет 5 мес.', 24, '79966535566', 'FnJcLXwHpy1'),
(144, 'Оброкин Артем Сереевич', '6 мес.', 24, '79089672046', 'OcIxy3BfxQn'),
(145, 'Кадырова Дилбар Негматовна', '2 года 1 мес.', 24, '79216168530', 'zYJB33J2hh7'),
(146, 'Фомичева Зоя Викторовна', '11 лет 7 мес.', 24, '79855552013', 'QS9dDtwQMo1'),
(147, 'Муженко Екатерина Андреевна', '5 лет 1 мес.', 24, '79642380606', 'U0VqjeCrlmg'),
(148, 'Бакиев Бекмамат Токсонбаевич', '1 год 11 мес.', 24, '79841205530', 'DPUpASngg2Y'),
(149, 'Данько Евгеничя Николаевна', '1 год 5 мес.', 24, '79106996532', 'NC0FAQfFMhA'),
(150, 'Кочергина Галина Анатольевна', '9 лет 9 мес.', 24, '79418095817', 'MYqMWD8QnI2'),
(151, 'Силкина Анастасия Альбертовна', '4 года 2 мес.', 24, '79521403790', 'AZH2Xxqqh2L'),
(152, 'Пирахмаев Нурав Садрудинович', '6 мес.', 24, '79629861715', 'btJRg8vLc2o'),
(153, 'Большакова Лариса Евгеньевна', '19 лет 10 мес.', 24, '79533437301', '5XzXkBBWN2u'),
(154, 'Зимогляд Елена Ивановна', '40 лет 9 мес.', 24, '79017404212', 'NjrwtuKqvQ0'),
(155, 'Кроличенко Елена Джумабаевна', '59 лет 5 мес.', 24, '79787576752', 'pdOckBMBPw9'),
(156, 'Кулокова Мария Евгеньевна', '6 лет 6 мес.', 24, '79955623617', '3vlleEmq1pS'),
(157, 'Никулина Ольга Анатольевна', '48 лет 3 мес.', 24, '79336057291', 'vXFNvTyL3uB'),
(158, 'Салимова Татьяна Ивановна', '5 лет 11 мес.', 24, '79081729844', '8RZwvmsZj0e'),
(159, 'Шулятьева Ольга Анатольевна', '23 года 2 мес.', 24, '79952274945', 'V6425sJa51S'),
(160, 'Кабинет ТМК по закрытию ЭЛН пол-ка пять', '6 мес.', 25, '79251594149', 'vzlhr0doL2a'),
(161, 'Журова Светлана Николаевна', '9 лет 4 мес.', 25, '79113189126', 'fNkb1DUyahy'),
(162, 'Бакиев Аширбек Бактемирович', '2 года 11 мес.', 25, '79662123503', 'UcfiMHV9dik'),
(163, 'Садыкжан Кызы Элиза', '1 год 8 мес.', 25, '79018308357', 'HZTgl5SgCGw'),
(164, 'Соловьева Любовь Сергеевна', '40 лет', 25, '79133714757', 'rYur0IXH5ks'),
(165, 'Янко Яна Владимировна', '1 год 1 мес.', 25, '79164195267', 'DVFXcre3nTz'),
(166, 'Стрельцова Алёна Владимировна', '3 года 3 мес.', 25, '79202438102', 'EV1GNtzIjOe'),
(167, 'Бондаренко Анна Сергеевна', '1 год 6 мес.', 25, '79643344641', 'tzj5zTj45Am'),
(168, 'Колодина Юлия Александровна', '7 лет 7 мес.', 25, '79561231282', 'xqUavcBJ9Yu'),
(169, 'Кузнецова Наталья Александровна', '24 года 2 мес.', 25, '79156116793', 'e96EwINOhC1'),
(170, 'Агеева Елизавета Владиславовна', '1 год', 25, '79214344444', 'X478lRtlqHI'),
(171, 'Антонова Надежда Николаевна', '38 лет 8 мес.', 25, '79813164684', 'U4UqOD7UiOS'),
(172, 'Беспалова Виктория Викторовна', '6 лет 2 мес.', 25, '79646937011', 'n7xFhaqKr4m'),
(173, 'Богданова Анна Михайловна', '5 мес.', 25, '79548661835', 'GdE4vQVHnFs'),
(174, 'Григорьева Юлия Ивановна', '7 лет 2 мес.', 25, '79412777656', 'wLBn4BbW1rV'),
(175, 'Гудкова Марина Андреевна', '1 год 5 мес.', 25, '79094433254', 'F0bXPnZCCpX'),
(176, 'Зубатова Алла Алексеевна', '46 лет 6 мес.', 25, '79237672586', 'xvjYU4TAkaN'),
(177, 'Кабинет льготной-выписки поликлиника-номер-один', '1 год 10 мес.', 25, '79971147737', 'Cj8QwGnlq6M'),
(178, 'Кабинет ТМК по закрытию Элн пол-ка 6', '5 мес.', 25, '79660488376', 'njDBy1plWNg'),
(179, 'Маркова Светлана Николаевна', '55 лет 10 мес.', 25, '79822744752', '54MSJ5xd37f'),
(180, 'Мифтахова Анжела Руслановна', '6 мес.', 25, '79922601678', '5eooTRbh8nR'),
(181, 'Мосевкина Татьяна Витальевна', '18 лет 5 мес.', 25, '79392222339', '4eJA1P331DG'),
(182, 'Насрединова Марджона Валижоновна', '2 года 7 мес.', 25, '79386219949', 'mNdmohUd1lc'),
(183, 'Наумчик Константин Дмитриевич', '1 год 10 мес.', 25, '79349477086', 'Jd064bSYaTr'),
(184, 'Панина Мария Геннадбевна', '1 год 1 мес.', 25, '79789728595', 'D81OCenUmPN'),
(185, 'Плотникова Валентий Иосифовна', '19 лет 5 мес.', 25, '79826197386', 'PE11sKG5KqP'),
(186, 'Примакина Галина Владимировна', '12 лет 5 мес.', 25, '79115768823', 'FoVtPurN8jD'),
(187, 'Прокофьева Ирина Николаевна', '6 лет 2 мес.', 25, '79949306975', 'YZDaP2MLqp5'),
(188, 'Селиваненко Елена Сергеевна', '5 мес.', 25, '79601516823', '15JtaxQfFdJ'),
(189, 'Сим Александр Анатольевич', '11 лет 2 мес.', 25, '79658827084', 'eci7BmH317q'),
(190, 'Синицина Наталья Сергеевна', '11 лет 10 мес.', 25, '79679432170', 'rVS9FeLSdZt'),
(191, 'Сувонкулов Хайдарали', '1 год 1 мес.', 25, '79618496203', 'Vi6MGnF14xL'),
(192, 'Хабибов Махмуджон Шарифович', '4 года 8 мес.', 25, '79814674911', 't1np9lSqPNN'),
(193, 'Черткова Александра Сергеевна', '5 мес.', 25, '79283328991', 'miiY7rhKbjj'),
(194, 'Николаева Елена Алексеевна', '35 лет 7 мес.', 26, '79258304300', 'aDSF4Apq0Jn'),
(195, 'Лысенкова Ольга Игоревна', '3 года 3 мес.', 27, '79600754943', '6BB7oX1C7ZW'),
(196, 'Арзыкулова Венера Муратбековна', '4 года 8 мес.', 28, '79160935841', 'fUAZxd305jM'),
(197, 'Николаева Елена Алексеева', '35 лет 7 мес.', 29, '79236953135', 'WxVLBbT5Llb'),
(198, 'Кудряшова Вера Савельевна', '33 года 6 мес.', 29, '79217582360', '6LdflnybSbT'),
(199, 'Малистова Дарья Андреевна', '3 год 3 мес.', 29, '79542686399', 'lC0NJCwS8te'),
(200, 'Мирзоахмедов Сохибжон Ганижонович', '5 лет', 30, '79848637181', 'zwlT5uFKjIZ'),
(201, 'Кузнецова Виктория Викторовна', '1 год 5 мес.', 30, '79329972097', 's4B995f7uSD'),
(202, 'Слюсарь Елена Александровна', '6 лет 5 мес.', 30, '79251396081', 'kPv3kNtGvSi'),
(203, 'Зубкина Елена Владимировна', '23 года 4 мес.', 31, '79620302643', 'Ee2Sq5TPnBN'),
(204, 'Кривченков Константин Валерьевич', '11 лет 2 мес.', 31, '79189665270', '93mTbawU1Dj'),
(205, 'Кабинет здорового ребенка', '7 лет 5 мес.', 32, '79230118294', 't708ARoL8p7'),
(206, 'Кабинет ТМК по закрытию ЭЛН пол-ка Четыре', '24 года 2 мес.', 33, '79098835511', 'sKi49ArXJpb'),
(207, 'Кабинет ТМК по закрытию ЭЛН пол-ка Один', '4 мес.', 33, '79317033456', 'lpsSC39vK9s'),
(208, 'Викулова Ольга Геннадьева', '6 мес.', 33, '79611077356', 'zm87CBsh92X'),
(209, 'Колодина Юлия Александровна', '7 лет 7 мес.', 33, '79004327068', 'BgPpcjHfjr7'),
(210, 'Кабинет льготной выписки пол-ка Два', '24 года 2 мес.', 33, '79566812227', 'Plvl3Qc3gqM'),
(211, 'Кабинет ТМК по закрытию ЭЛН Барановская СВА', '4 мес.', 33, '79140357299', 'fz6i3OnwuWv'),
(212, 'Белова Ольга Николаевна', '18 лет 2 мес.', 34, '79158185406', '2H7n12TZhlk'),
(213, 'Кабинет ФАП Ачкасово', '3 года 9 мес.', 34, '79058484048', 'jV3oA24h12v'),
(214, 'Кабинет ФАП Городище', '18 лет 2 мес.', 34, '79515634535', 'QS9dDtwQMo1'),
(215, 'Кабинет ФАП Степанщино', '10 лет 6 мес.', 34, '79373650259', '9RToZPzEnKD'),
(216, 'Гроздова Надежда Фёдоровна', '18 лет 2 мес.', 34, '79373650259', 'xtd9tqodFIG'),
(217, 'Кабинет ФАП Невское', '6 лет 1 мес.', 34, '79647794113', 'xk1O2cXwoAn'),
(218, 'Кабинет ФАП Цибино', '17 лет 7 мес.', 34, '79250190511', 'KeWLKih1umC'),
(219, 'Денисова Наталия Евгеньевна', '17 лет', 35, '79313910633', 'fIO0jbHix4s'),
(220, 'Токарева Елена Анатольевна', '22 года 8 мес.', 36, '79313910633', 'QIuKKOnNaz3'),
(221, 'Никишова Марина Александровна', '18 лет 6 мес.', 36, '79542998117', 'G6hLtgKzA33'),
(222, 'Колесникова Анастасия Васильевна', '3 года 7 мес.', 36, '79822518004', 'xlgXhDGlV3p'),
(223, 'Исаакидис Елена Михайлова', '24 года 2 мес.', 36, '79281531183', 'kUuJX1RZQeb'),
(224, 'Веретенникова Татьяна Анатольевна', '24 года 2 мес.', 36, '79377589436', 'G5192fiwHFe'),
(225, 'Гитинова Патимат Жарулаевна', '6 лет 2 мес.', 36, '79084391498', 'm0CmbKlOcV8'),
(226, 'Куценко Евгения Петровна', '8 лет 11 мес.', 36, '79990222446', 'HV5Fa3BPUBV'),
(227, 'Мельникова Лидия Михайловна', '24 года 2 мес.', 36, '79587176060', '6kBu5jW9os4'),
(228, 'Пашаева Аида Рамазановна', '3 года 6 мес.', 36, '79704081667', '9Ql3tZk7MHd'),
(229, 'Рожкова Ольга Витальевна', '24 года 2 мес.', 36, '79548723649', 'm0pjakTRvwf'),
(230, 'Чайка Наталия Витаутасовна', '15 лет 7 мес.', 36, '79673058989', 'qa7GI2PCfcs'),
(231, 'Таберко Наталья Николаевна', '18 лет 4 мес.', 37, '79585924221', '7oTjBJhZ2Lc'),
(232, 'Агафонова Юлия Анатольевна', '3 года 4 мес.', 37, '79220879185', 'GiobF5aeVDf'),
(233, 'Бобокулова Дилафруз Муродовна', '6 лет 5 мес.', 37, '79604606097', 'T1wyxc2urIx'),
(234, 'Дарийчук Ирина Ивановна', '22 года 5 мес.', 37, '79000705646', '0j6jA1806CB'),
(235, 'Калмыкова Олеся Юрьевна', '20 лет 4 мес.', 37, '79126095646', 'GwhWIJ35NIR'),
(236, 'Подколзина Мария Андреевна', '4 года 6 мес.', 37, '79521467313', 'Z3nSLYFoUzS'),
(237, 'Сагидуллина Гузаль Ренатовна', '14 лет 10 мес.', 37, '79323293873', 'tbexthhh1Vo'),
(238, 'Солдатенкова Мария Сергеевна', '2 года 5 мес.', 37, '79140937844', 'L5QmSpes6ll'),
(239, 'Степанова Альбина Равильевна', '10 лет 6 мес.', 37, '79843644627', 'T9GyVgjgGgx'),
(240, 'Струкова Отльга Петровна', '12 лет 5 мес.', 37, '79056962669', 'Gfh7WMwnwlT'),
(241, 'Тихоненкова Татьяна Алексеевна', '5 лет 3 мес.', 37, '79063025788', 'XTWDAWeU0Pp'),
(242, 'Мирзоев Замиг Тофик Оглы', '3 года 2 мес.', 38, '79877805494', 'kCzkeE8SPdm'),
(243, 'Осипчук Анна Романовна', '2 года 2 мес.', 38, '79931822984', 'JmLVbeuAtn0'),
(244, 'Политаева Дарья Сергеевна', '1 год 9 мес.', 38, '79783273028', 'gDod4Gh7OLQ'),
(245, 'Самохина Оксана Олеговна', '7 мес.', 38, '79093437221', 'BgSkdG6P98B'),
(246, 'Филина Екатерина Геннадьева', '3 года 2 мес.', 38, '79395150221', 'LEi6QHvLZ6i'),
(247, 'Матвеева Ксения Владимировна', '5 лут 2 мес.', 39, '79565166678', 'alL02WIppBp'),
(248, 'Конькова Валентина Филиппова', '8 лет 3 мес.', 39, '79518006349', 'y63CiJQSU4B'),
(249, 'Хозхолова Татьяна Томовна', '11 лет', 39, '79225063283', 'cH4tUs6OXBQ'),
(250, 'Первый ПО Кабинет Льготной выписки', '23 года 2 мес.', 40, '79090423903', '4kZh2SmOs0Y'),
(251, 'Второй ПО Кабинет Льготной выписки', '23 года 2 мес.', 40, '79233157894', 'y9sO8l6Hfid'),
(252, 'Третий ПО Кабинет Льготной выписки', '23 года 2 мес.', 40, '79961064412', 'hJHXBo5hJ0T'),
(253, 'Четвертый ПО Кабинет Льготной выписки', '23 года 2 мес.', 40, '79887192799', 'bOqDM48IAEu'),
(254, 'Пятый ПО Кабинет Льготной выписки', '23 года 2 мес.', 40, '79548021584', 'IuJPz9RYttb'),
(255, 'Шестой ПО Кабинет Льготной выписки', '23 года 2 мес.', 40, '79189712398', '9hSDfnHACMx'),
(256, 'Гаричкина Марина Николаевна', '15 лет 6 мес.', 41, '79503794715', 'lhm1jrUVCVG'),
(257, 'Шеленкова Елена Эдуардовна', '17 лет 9 мес.', 41, '79124566490', 'Ui91MSz49de'),
(258, 'Маркова Светлана Кирсановна', '36 лет', 41, '79000846640', 'zDe0ft4RLXk'),
(259, 'Еремина Елена Николаевна', '33 года', 41, '79181775958', 'kN874wUXPE2'),
(260, 'Куракина Анна Сергеевна', '9 лет 11 мес.', 41, '79944986569', 'whX8MqbTJI7'),
(261, 'Лукина Елена Алесеевна', '35 лет 11 мес.', 41, '79513785210', 'QQw9dGqyh5o'),
(262, 'Морозова Виктория Ивановна', '5 лет 3 мес.', 41, '79008479430', '95EsGjiYipl'),
(263, 'Толмакова Таисия Валентиновна', '42 года 7 мес.', 41, '79681930629', 'ZB6knX7fHxk'),
(264, 'Хусаинова Наталья Владимировна', '29 лет 11 мес.', 41, '79717663961', 'DyPLC6uBQ7C'),
(265, 'Андрюшина Ольга Игоревна', '6 мес.', 42, '79376692733', 'AYb2K7q8ivv'),
(266, 'Ахмеджанова Мавлюда Адиловна', '53 года 2 мес.', 43, '79039579582', 'Lv1Sn57yqB7'),
(267, 'Ерохина Екатерина Валерьевна', '11 лет 2 мес.', 43, '79234973520', '8Zjcbobi5hk'),
(268, 'Тарасенко Наталья Владимировна', '11 лет 2 мес.', 43, '79681130813', 'kyz5z20dBQo'),
(269, 'Глушко Татьяна Александровна', '11 лет 2 мес.', 43, '79604930124', 'ZcD4QWsFXxv'),
(270, 'Фролова Анна Владимировна', '11 лет 2 мес.', 43, '79563653709', 'p1zOarK7uDb'),
(271, 'Лантвойт Татьяна Валерьевна', '25 лет 2 мес.', 43, '79659056873', 'lXwbIN4cCv5'),
(272, 'Трофимова Мария Зарипова', '34 года 2 мес.', 43, '79918215456', 'zfq1GGHihq5'),
(273, 'Магомедова Алина Сулеймановна', '6 лет 2 мес.', 43, '79385811746', 'uXfpdFTB6S9'),
(274, 'Бордунова Виктория Анатольевна', '11 лет 2 мес.', 43, '79159851892', 'tGQnDvho0c3'),
(275, 'Деева Любовь Александровна', '11 лет 2 мес.', 43, '79037332300', '1xyuHWeHbrJ'),
(276, 'Денисова Надежда Витальевна', '24 года 2 мес.', 43, '79700385770', 'SU2H3Nsphkg'),
(277, 'Кулдышева Анна Владимировна', '14 лет 2 мес.', 43, '79282765314', 'MecPHE3q6oq'),
(278, 'Поликарпова Надежда Васильевна', '11 лет 2  мес.', 43, '79706761046', 'qq41b4OrVpb'),
(279, 'Ромашова Анжела Васильевна', '24 года 2 мес.', 43, '79101764531', 'YwBXd7Pu6zn'),
(280, 'Эсенова Галина Амановна', '11 лет 2 мес.', 43, '79328144469', 'QOKj1kz9fdi'),
(281, 'Карпова Татьяна Леонидовна', '40 лет 4 мес.', 44, '79282734528', 'PxTT42e25dU'),
(282, 'Малиновская Надежда Владимировна', '3 года 2 мес.', 45, '79858591777', 'ZZbjvvL5uiD'),
(283, 'Медведева Марина Витальевна', '2 года 8 мес.', 45, '79413678720', '0mXwq99Utf4'),
(284, 'Мельникова Светлана Владимировна', '3 года 2 мес.', 45, '79341917205', 'XDLkBNfzm5L'),
(285, 'Бердикулова Изат Орозалиевна', '15 лет 9 мес.', 45, '79121625546', '0EeaeftayEY'),
(286, 'Жусупова Жумагул Абдыкеримовна', '15 лет 9 мес.', 45, '79918749406', 'kTa2OJZj8qX'),
(287, 'Шамсаидов Крымсултан Джабраилович', '4 года 2 мес.', 45, '79003302539', 'N1OYAuYWHEq'),
(288, 'Шкраба Наталья Тимофеевна', '24 года 2 мес.', 46, '79170160461', 'N1OYAuYWHEq'),
(289, 'Курская Анна Дмитриевна', '3 года 6 мес.', 46, '79256824040', 'GCIZYW6AuZW'),
(290, 'Шелиган Надежда Ивановна', '23 года 3 мес.', 46, '79252381674', 'BpvJ07WKqpl'),
(291, 'Константинова Елена Геннадьевна', '24 года 2 мес.', 46, '79967995678', 'hU5ruCcp86m'),
(292, 'Носова Татьяна Алекссевна', '25 лет 2 мес.', 46, '79934847238', 'F2KFmnLdIQC'),
(293, 'Виноградова Марина Константиновна', '20 лет 1 мес.', 47, '79063787802', 'QXhAw81Rmr0'),
(294, 'Степин Вадим Сергеевич', '4 года 2 мес.', 48, '79369899382', '9KxItPkqTFk'),
(295, 'Кузьмичева Ирина Владимировна', '14 лет 2 мес.', 49, '79516001281', 'QSHGo9Ob9Xh'),
(296, 'Виноградова Марина Константиновна', '20 лет 1 мес.', 49, '79602288419', '7RWFrLa4cSj'),
(297, 'Гогичаишвили Нино Зауревна', '14 лет 2 мес.', 49, '79707607587', 'ay6k211Qkj7'),
(298, 'Смирнов Вадим Александрович', '10 лет 2 мес.', 50, '79181515573', 'NLc2jWMnvzK'),
(299, 'Бычкова Наталья Николаевна', '24 года 2 мес.', 51, '79669089706', 'Ppa1TqCgZG0'),
(300, 'Хрусталева Екатерина Михайловна', '14 лет 2 мес.', 52, '79777310133', 'eWsbFZ75XDA'),
(301, 'Омаева Зоя Ахмедовна', '14 лет 2 мес.', 52, '79772918098', '8ospLrH4KLy'),
(302, 'Арутюнян Ирина Геворковна', '14 лет 2 мес.', 52, '79975315453', 'P6Xjf43irnF'),
(303, 'Анненкова Анна Алексеевна', '1 год 8 мес.', 52, '79892992903', 'n1ZiqKSKord'),
(304, 'Прохорова Ольга Викторовна', '20 лет 2 мес.', 52, '79915090082', 'sL0rIQxMhdN'),
(305, 'Пожаров Дмитрий Витальевич', '10 лет 2 мес.', 53, '79280511717', 'cPKN9SaI00Y'),
(306, 'Грешникова Марина Александровна', '13 лет 5 мес.', 54, '79393477833', 'hNvK5XzpuSl'),
(307, 'Дронов Никита Николаевич', '3 года 2 мес.', 54, '79253725966', 'H8qZBO6WgWa'),
(308, 'Карпова Татьяна Леонидовна', '40 лет 4 мес.', 54, '79890729999', 'cO4kJuLrYO8'),
(309, 'Калинкина Любовь Петровна', '47 лет 1 мес.', 54, '79386705507', 'IKhs14oauhu'),
(310, 'Самсонова Евгения Александровна', '9 лет 2 мес.', 54, '79959798408', 'mu6mu229cuU'),
(311, 'Шакун Лилия Сергеевна', '6 лет 2 мес.', 55, '79365523605', 'kNMHPq9xCAM'),
(312, 'Башкатова Вероника Дмитриевна', '19 лет 1 мес.', 55, '79815969875', '6PvqUdVlSXC'),
(313, 'Козодой Татьяна Анатольевна', '16 лет 9 мес.', 55, '79032594209', 'wxH21RBTVD3'),
(314, 'Рыбакова Валерия Алексеевна', '2 года 6 мес.', 55, '79886029495', 'B9Yek4P58tc'),
(315, 'Зайцева Яна Александровна', '14 лет 2 мес.', 56, '79804437024', 'e2zlI5jhtkx'),
(316, 'Попова Наталья Александровна', '7 лет 2 мес.', 56, '79666200566', '333l7MtTtGM'),
(317, 'Ким Андрей', '13 лет 7 мес.', 56, '79200058222', 'ORv1ixM4f6p'),
(318, 'Киселева Наталия Станиславовна', '24 года 1 мес.', 56, '79261082400', 'aUSLDN5EtyF'),
(319, 'Богданова София Владимировна', '24 года 2 мес.', 56, '79836684879', 'Um4J7uhKz1l'),
(320, 'Ванашкина Александра Валерьевна', '3 года 7 мес.', 57, '79928817949', 'n2eQZBoKd4i'),
(321, 'Алешина Светлана Алексеевна', '3 года 4 мес.', 58, '79034776930', 'zGEGCOyZyE5'),
(322, 'Вакульская Юлия Михайловна', '3 года 4 мес.', 58, '79927423398', 'KhYIlBTqs5L'),
(323, 'Гаджиева Эльмира Сабировна', '13 лет 6 мес.', 58, '79373254911', 'g8easmHVzTF'),
(324, 'Гуцул Дарима Викторовна', '13 лет 7 мес.', 58, '79325826361', 'jmSPJG6nHdL'),
(325, 'Желвакова Екатерина Евграфовна', '24 года 7 мес.', 58, '79382702567', 'wOSh5veWyoT'),
(326, 'Колесникова Валерия Дмитриевна', '1 год 5 мес.', 59, '79624797553', 'ZSOqVC1oJGE'),
(327, 'Смородина Ирина Игоревна', '1 год 5 мес.', 59, '79994191882', 'Ph7Y6vpxtKb'),
(328, 'Короткова Елена Васильевна', '21 год 10 мес.', 60, '79955819610', 'MJ3ksQDkRa5'),
(329, 'Жаров Сергей Владимирович', '23 года', 61, '79851362004', '5Y1tSWz0KjJ'),
(330, 'Радина Анастасия Юрьевна', '8 лет 8 мес.', 61, '79888989866', 'lUOXUvSweA9'),
(331, 'Дергунова Елена Алексеевна', '13 лет 7 мес.', 62, '79154614710', 'Agzte6H0vtb'),
(332, 'Келина Ирина Владимировна', '24 года 7 мес.', 62, '79199451221', 'u2RtZog3pxv'),
(333, 'Давтян Сона Гагиковна', '14 лет 2 мес.', 63, '79626258767', 'F2yFw4w0Jj3'),
(334, 'Кутрухин Антон Юрьевич', '12 лет 1 мес.', 63, '79804287533', 'DmeO6fmWzP8'),
(335, 'Чурбакова Елена Александровна', '5 лет 10 мес.', 63, '79292842077', 'K6eXM8aQ4YK'),
(336, 'Кабинет льготной выписки', '1 год 8 мес.', 64, '79885244155', 'KunJ3samhE3'),
(337, 'Воропай Сергей Владимирович', '14 лет 9 мес.', 65, '79033616983', 'bliBwx7aWiI'),
(338, 'Житенёва Светлана Владимировна', '6 лет', 65, '79295735914', 'sD3s42rCQYK'),
(339, 'Марков Дмитрий Александрович', '8 лет 9 мес.', 65, '79819290930', '80YEy50WRXf'),
(340, 'Фомин Сергей Викторович', '24 года 1 мес.', 65, '79945818712', '5n9kLtILS5q'),
(341, 'Королева Светлана Ивановна', '24 года 7 мес.', 66, '79117448550', 'zUtLUKLkH4W'),
(342, 'Суворова Ирина Николаевна', '14 лет', 67, '79709723832', 'xa0drlbCPdP'),
(343, 'Харькова Татьяна Петровна', '24 года 7 мес.', 67, '79550854573', '4SmZeBdVRtc'),
(344, 'Эвергетова Галина Вадимовна', '13 лет 9 мес.', 68, '79304779301', 'pYysdvUZNp9'),
(345, 'Борисова Ольга Михайловна', '5 лет 7 мес.', 69, '79834637413', 'QgUv1r9nywr'),
(346, 'Скунцев Александр Алексеевич', '13 лет 6 мес.', 69, '79225040511', 'TIPHvhht3eQ'),
(347, 'Деханов Владислав Васильевич', '15 лет 10 мес.', 70, '79891601806', 'nPB6fsUsXuI'),
(348, 'Евдокимова Наталья Владимировна', '4 года 5 мес.', 70, '79845995411', 'OU2YJoggxYR'),
(349, 'Минаев Антон Эдуардович', '2 года 6 мес.', 70, '79203754679', 'Il2IBQJ4glv'),
(350, 'Тверье Ирина Васильевна', '23 года 5 мес.', 70, '79398290475', 'WpmEP6vSHAA'),
(351, 'Могучев Дмитрий Валерьевич', '19 лет 1 мес.', 71, '79585303626', '9vXDkDuDI0Y'),
(352, 'Родин Масим Юрьевич', '10 лет 7 мес.', 71, '79105021212', '1X4LKUrMWHi'),
(353, 'Булатов Дмитрий Александрович', '21 год 9мес.', 72, '79606842061', 'ylUCnOJGJw3'),
(354, 'Клименко Александр Владимирович', '23 года 8 мес.', 72, '79882892303', 'nBBMTKS6P5d'),
(355, 'Безвесельная Людмила Викторовна', '21 год 10 мес.', 73, '79362838344', 'scI93RE3xB2'),
(356, 'Берегалова Ирина Владимировна', '34 года 2 мес.', 73, '79718237689', 'YWdb3IJBkr3'),
(357, 'Ванюкова Татьяна Семенова', '8 лет 6 мес.', 73, '79632266555', 'YWdb3IJBkr3'),
(358, 'Галактионова Дарья Олеговна', '1 год 9 мес.', 73, '79851471752', 'RHuahZJ6xlP'),
(359, 'Княжина Евгения Николаевна', '1 год 7 мес.', 73, '79069451269', 'owYxEYUP08i'),
(360, 'Новичкова Марина Константиновна', '4 года 7 мес.', 74, '79177698616', 'SSXhQT1Q7x7'),
(361, 'Иванов Александр Николаевич', '24 года 7 мес.', 75, '79974824034', 'bDZ87KKGlZ2'),
(362, 'Мальцева Найля Искандаровна', '5 лет 11 мес.', 75, '79197179013', 'wgdwFT0cw2e'),
(363, 'Мамаюсупов Камолидин', '1 год 7 мес.', 75, '79663719246', '1IRHR3JhNqF'),
(364, 'Мкртчян Симон Артуровчи', '3 года 1 мес.', 75, '79859877419', 'ycNcwP0wDYb'),
(365, 'Белова Мария Викторовна', '12 лет 6 мес.', 76, '79833184864', 'LQ8vdPLQJNR'),
(366, 'Гададова Эмиля Курбановна', '13 лет 11 мес.', 76, '79815758173', 'lAHKkS2rYDt'),
(367, 'Позднякова Татьяна Ивановна', '44 года', 76, '79534131016', 'be8UUmpWhip'),
(368, 'Сальникова Светлана Геннадьевна', '19 лет', 76, '79709032942', 'Ur6SZtu37hX'),
(369, 'Юлдашева Юлия Адилваевна', '14 лет', 76, '79660875308', 'vkOwXF12p3z'),
(370, 'Романенко Елизавета Сергеевна', '1 год 5 мес.', 77, '79950808404', 'IYhAgdy0WdA'),
(371, 'Артемьева Галина Риммовна', '7 лет 1 мес.', 78, '79925016708', 'QHehbpLJUv1'),
(372, 'Величко Наталия Юрьевна', '19 лет 2 мес.', 78, '79924799778', 'fdD37wQyU2T'),
(373, 'Вербицкая Юлия Сергеевна', '13 лет 2 мес.', 78, '79283929587', 'ZQwzULZb6LD'),
(374, 'Горланова Инна Петровна', '7 лет 8 мес.', 78, '79369617387', 'lH8Z1OJNlsm'),
(375, 'Григорьевна Татьяна Николаевна', '4 года 2 мес.', 78, '79928668297', 'MRDK1Rlxmh7'),
(376, 'Алиева Нилюфер Арзукызы', '4 года 6 мес.', 79, '79848200932', 'q6XOx41sWXQ'),
(377, 'Дундукова Тамара Владимировна', '12 лет 2 мес.', 79, '79607811928', 'U2sRHZ2nA2D'),
(378, 'Ерохина Наталья Сергеевна', '12 лет 9 мес.', 79, '79659108388', 'CrUg4jmhta6'),
(379, 'Зверева Оксана Ивановна', '24 года 2 мес.', 79, '79968381299', 'N2CgFj6S9F8'),
(380, 'Мирзоева Марина Пульковна', '34 года 2 мес.', 79, '79046148671', 'B7FkvfCeQAm'),
(381, 'Кучина Елена Васильевна', '14 лет 2 мес.', 80, '79180899856', 'oLR2Z8zte9z'),
(382, 'Мацкевич Татьяна Игоревна', '12 лет 2 мес.', 80, '79671551532', 'LYeG7Wp85PR'),
(383, 'Кочкарева Нина Викторовна', '8 лет 5 мес.', 81, '79803303271', 'u0KybQZu9u6'),
(384, 'Бабина Евгения Борисовна', '10 лет 10 мес.', 82, '79551499256', 'zK55Rf67zFt'),
(385, 'Комарова Екатерина Владимировна', '19 лет', 83, '79243692015', 'rL27rp9DDrw'),
(386, 'Кудря Ольга Анатольевна', '24 года', 83, '79507931829', '09SnYe6MkD8'),
(387, 'Курникова Ольга Игоревна', '18 лет 9 мес.', 84, '79998115789', 'hV8NOZ48BSs'),
(388, 'Гаджиева Изумруд Магомедовна', '22 года 5 мес.', 84, '79249976849', 'JWePl4IkKCY'),
(389, 'Разумова Людмила Васильевна', '13 лет 5 мес.', 84, '79312855322', 'ziCz5HH7ScF'),
(390, 'Руднева Екатерина Валерьевна', '8 лет 11 мес.', 84, '79840765986', 'OQ18D9Tr30z'),
(391, 'Рудова Галина Васильевна', '42 года 6 мес.', 85, '79333065671', 'jI5Sd5qHC6e'),
(392, 'Козяйкин Илья Владимирович', '15 лет 6 мес.', 85, '79851621773', 'kg0rWy4SnGj'),
(393, 'Бабанина Лидия Сергеевна', '1 год 2 мес.', 85, '79910160123', 'Y8oUMhJO5el'),
(394, 'Варникова Лариса НИколаевна', '45 лет 6 мес.', 85, '79136330654', 'SWLYKzsV21S'),
(395, 'Дозорова Наталия Сергеевна', '15 лет 7 мес.', 85, '79659609816', 'dlpLRW9X6PN'),
(396, 'Хахандукова Фарида Абуевна', '3 года 11 мес.', 86, '79191768440', 'PS8UMBObPbr'),
(397, 'Яхъяева Элина Мохмадовна', '24 года 2 мес.', 86, '79858841523', 'u3rXPIadB2k'),
(398, 'Буданов Данила Александрович', '20 лет 9 мес.', 87, '79526113604', '9LorfBG5Oh3'),
(399, 'Вятлева Ольга Викторовна', '15 лет 4 мес.', 87, '79706273424', 'xQRc4hE5Yf8'),
(400, 'Козлов Сергей Эльмарович', '10 лет 2 мес.', 87, '79360799516', '7uZoNeyqfuI'),
(401, 'Телевко Максим Викторович', '14 лет 6 мес.', 87, '79385282011', '4cY4razf7kT'),
(402, 'Хахандуков Азамат Борисович', '13 лет 4 мес.', 87, '79389132803', '7TuRNwydNHw'),
(403, 'Абашина Ольга', '11 лет 11 мес.', 88, '79890863861', 'Pm7JX93FTAg'),
(404, 'Аксенова Марина Григорьевна', '22 года 6 мес.', 88, '79849442319', 'GIj9YniVETS'),
(405, 'Басырова Лейсен Фердинасовна', '5 лет 6 мес.', 88, '79514842286', 'r5EVVrv7Nma'),
(406, 'Бахтина Анна Юрьевна', '9 лет 5 мес.', 88, '79126309724', 'tsILOHqOr3q'),
(407, 'Бегишева Динара Рустамовна', '24 года 2 мес.', 88, '79142148521', 'VnMplUY0csS'),
(408, 'Кашлакова Наталья Александровна', '9 лет 8 мес.', 89, '79717226854', 'ssH0wzLkceR'),
(409, 'Глухарева Наталья Сергеевна', '21 год 7 мес.', 89, '79715133750', 'wzFE9fwfnE6'),
(410, 'Кукоба Валентина Васильевна', '34 года', 89, '79153536289', 'oLQPclz93iD'),
(411, 'Орехова Ольга Николаевна', '4 года 5 мес.', 90, '79940332013', 'NHerii2aZqJ'),
(412, 'Назаренко Елена Геннадьевна', '21 год 2 мес.', 91, '79893739695', 'CJjFw17p5lv'),
(413, 'Запорожец Александр Анатольевич', '29 лет 1 мес.', 92, '79523027077', '3nG9Il2rvo4'),
(414, 'Ширкина Екатерина Дмитриевна', '6 лет 6 мес.', 92, '79623651555', 'ptFFK299B55'),
(415, 'Юнин Евгений Николаевич', '19 лет 6 мес.', 92, '79633753517', '7GuO8emUAB2'),
(416, 'Стовбун Сергей Игоревич', '3 года 3 мес.', 93, '79776227718', 'LAyU4KsOqO8'),
(417, 'Баймурадова Кадрия Сафиулловна', '51 год 5 мес.', 93, '79668588925', 'T31DRzMRFw1'),
(418, 'Богомолова Вера Алексеевна', '38 лет 5 мес.', 93, '79513214097', '81bi7738AXY'),
(419, 'Дашигниаевна Эржена Леонидовна', '13 лет 5 мес.', 93, '79912838148', 'B6bQtcOP6e9'),
(420, 'Коробова Татьяна Владимировна', '38 лет 5 мес.', 93, '79995938388', 'OXIYaT2EdP1'),
(421, 'Кахаров Имам Расулович', '1 год 5 мес.', 94, '79810221290', 'GLBCwW6zPUB'),
(422, 'Бучнева Мария Владимировна', '1 год 4 мес.', 94, '79250366699', 'gNPbeBMmj4D'),
(423, 'Ваяс Анастасис Димитрис', '36 лет 7 мес.', 94, '79186004000', '9kxy2LHP5lc'),
(424, 'Елисеева Анастасия Александровна', '5 мес.', 94, '79846291084', 'CU9b6BwcMXR'),
(425, 'Летярин Александр Сергеевич', '6 лет 7 мес.', 94, '79342026777', 'xBiHBpfOag6'),
(426, 'Баратов Лочинбек Алимжанович', '6 мес.', 95, '79037831211', 'zjSMQmcN46X'),
(427, 'Багазаев Джалил Жебельевич', '1 год 3 мес.', 95, '79296584220', 'Ggs8ANmXy9b'),
(428, 'Буймистр Светлана Юрьевна', '7 лет 5 мес.', 95, '79709705805', 'dtbUWka7uhX'),
(429, 'Дьяков Геннадий Иванович', '38 лет 8 мес.', 95, '79627022657', 'D0y7xzDn1Kn'),
(430, 'Шведов Михаил Юрьевич', '34 года 2 мес.', 95, '79840313575', 'RSXoEQ4z9iz'),
(431, 'Сидорова Анастасия Александровна', '16 лет 2 мес.', 96, '79372180101', '56odBFxVHeK'),
(432, 'Артамонова Марина Олеговна', '3 года 4 мес.', 97, '79910316510', 'F0U31D3Zbws'),
(433, 'Горлова Ирина Викторовна', '14 лет 2 мес.', 97, '79068933816', 'rN0FIazMF3f'),
(434, 'Гречишкина Анжела Агавердинаева', '10 лет 8 мес.', 97, '79113822423', 'ZdPRVr8SmiU'),
(435, 'Зверева Ксения Владиславовна', '1 год 6 мес.', 97, '79045772649', '7Udcb6R0Enk'),
(436, 'Ворнонцова Ольга Олеговна', '', 97, '79363352671', 'vRYe6jHvBJy'),
(437, 'Амруллаев Гафиз Азадович', '25 лет 5 мес.', 98, '79262656866', 'r1ENEjLsGvm'),
(438, 'Балабеков Шахпулат Шахпулат', '7 лет 6 мес.', 98, '79676234539', 'N1RP2VY20uU'),
(439, 'Курс Валерия Владимировна', '9 лет 4 мес.', 98, '79844797256', 'OJBbpBoXw5w'),
(440, 'Романова Елена Сергеевна', '9 лет 2 мес.', 98, '79283596916', 'jdi1d59VEK6'),
(441, 'Аберяев Евгений Владимирович', '14 лет 6 мес.', 99, '79239887877', '3psyOcQHQLO'),
(442, 'Кононова Ольга Борисовна', '17 лет 1 мес.', 100, '79549941636', 'H27BbkdzrT7'),
(443, 'Афонина Людмила Александровна', '30 лет 6 мес.', 100, '79603684764', 'xv5Ug9fQc4a'),
(444, 'Бычков Александр Юрьевич', '17 лет 8 мес.', 100, '79283366539', 'BQXbTENwrb0'),
(445, 'Галстян Айкануш Гегайровна', '23 года 6 мес.', 100, '79320182574', '3apG7KV1U7V'),
(446, 'Лукина Наталья Николаевна', '8 лет 5 мес.', 100, '79542952922', 'd0UdmKYGyln'),
(447, 'Раевская Елена Михайлова', '24 года 2 мес.', 101, '79011149717', 'pfAJ8gMQVYS'),
(448, 'Шичкина Елена Владимировна', '14 лет 2 мес.', 101, '79899525018', 'MpmLRgXbx6L'),
(449, 'Будачева Анастасия Александровна', '4 года 2 мес.', 101, '79890913453', 'G5oo1MKzVpH'),
(450, 'Горновская Ирина Александровна', '9 лет 2 мес.', 101, '79555724695', 'a2tz1aV8B7H'),
(451, 'Бурмакина Светлана Юльевна', '24 года 2 мес.', 101, '79802328753', 'joPYyGf4zs8'),
(452, 'Мерзликина Кристина Александровна', '7 лет 1 мес.', 102, '79102050435', 'WNiLY4xNG89'),
(453, 'Фомина Галина Борисовна', '33 года 1 мес.', 102, '79555202505', 'MWJUuHq9Ftv'),
(454, 'Батыр Ольга Степановна', '54 года 1 мес.', 102, '79773468192', 'LkwsV1265Ie'),
(455, 'Рябцева Мария Александровна', '12 лет', 102, '79897209666', '8MvzwgzhDtd'),
(456, 'Чехонина Ирина Вячеславовна', '24 года 2 мес.', 103, '79534278564', 'cm75T6ZItOS'),
(457, 'Масалис Светлана Александровна', '36 лет', 104, '79558782286', 'LwOVvMX7J8o'),
(458, 'Архипова Екатерина Сергеевна', '10 лет 5 мес.', 104, '79711499331', 'o9dUFrlvtEy'),
(459, 'Бабеева Анна Валерьевна', '6 лет 2 мес.', 104, '79030338022', 'PowUJ0zIoQf'),
(460, 'Бейрамова Залина Ахмедова', '4 года 2 мес.', 104, '79842259647', 'i2pv7TGJCEZ'),
(461, 'Баязитова Раиля Руильевна', '32 года 2 мес.', 104, '79186028781', 'uLa9i1FLr4P'),
(462, 'Бахирева Ольга Сергеевна', '5 лет 2 мес.', 105, '79161906903', 'uPF2C7BwC7X'),
(463, 'Бочкор Лора Николаевна', '15 лет', 105, '79259297592', 'VAgXF6SXlZN'),
(464, 'Морозова Надежда Викторовна', '22 года 5 мес.', 105, '79635982233', 'J2CqXuPbtzn'),
(465, 'Михалева Елена Сергеевна', '8 лет 2 мес.', 106, '79504224901', 'iHiyzsWET0y'),
(466, 'Богатырев Аюдуль-Карим Богаудинович', '3 года 2 мес.', 107, '79225158764', '5Y4Y1TtbEvo'),
(467, 'Михайловская Екатерина Сергеевна', '4 года 2 мес.', 108, '79862097915', '3g5HfDxAZwk'),
(468, 'Гуртуева Виктория Казакбаевна', '18 лет 2 мес.', 109, '79536225428', 'dkrvxrLa38o'),
(469, 'Алешина Вера Я ковлена', '48 лет 2 мес.', 110, '79234977351', '5zJw6FQrmkB'),
(470, 'Нурмухамедова Евгения Владимировна', '20 лет 2 мес.', 111, '79069154778', 'BD6WtJ0Ic5r'),
(471, 'Савенкова Зинаида Зиновьевна', '42 года 2 мес.', 111, '79654405431', 'F4YSl0M9ptk'),
(472, 'Силаева Наталья Алексеевна', '46 лет 2 мес.', 111, '79396575192', 'dBjU7bdmGna'),
(473, 'Темирова Диана Бекирова', '28 лет 2 мес.', 111, '79812672331', 'dcHcpMTRzY7'),
(474, 'Филиппова Вера Мансуровна', '11 лет 2 мес.', 111, '79197606714', 'vEAR7aJGWh8'),
(475, 'Кабинет Лекарственной выписки Поликлиника 1', '1 год 8 мес.', 112, '79032461913', 'A9LVV2F2qAP'),
(476, 'Кабинет Лекарственной выписки Поликлиника 2', '1 год 8 мес.', 112, '79853463688', 'C4MA1sGneSX'),
(477, 'Кабинет Лекарственной выписки Поликлиника 4', '1 год 8 мес.', 112, '79949886499', 'bGAhg1eudy9'),
(478, 'Бахтеев Рашит Зякярьевич', '19 лет 2 мес.', 113, '79148762297', 'fTRB2EpMrtd'),
(479, 'Обогрелова Наталья Александровна', '24 года 2 мес.', 114, '79137707917', 'Kl1YEjX8ftc'),
(480, 'Дановская Дарья Андреевна', '4 года 2 мес.', 115, '79312948191', 'S2wKTJXOn9w'),
(481, 'Ланимамова Юлия Ромазановна', '14 лет 2 мес.', 116, '79554639550', 'T8CCQ81S0Hu'),
(482, 'Снегирь Елена Сергеевна', '5 лет 2 мес.', 116, '79623036723', 'q6p1NUiSRiy'),
(483, 'Веисова Элтмира Рустемовна', '13 лет 2 мес.', 116, '79324516220', 'enEKRfAhv1Q'),
(484, 'Рагимова Туран Рамиз Кызы', '4 года 2 мес.', 116, '79913782493', '46g8rtRXSyb'),
(485, 'Тимохина Александра Сергеевна', '41 год 2 мес.', 116, '79685094773', 'xRTPHhDAlw0'),
(486, 'Медведева Екатерина Михайловна', '1 год 6 мес.', 117, '79951076641', 's5J6YNuP5kG'),
(487, 'Кулагина Наталья Дмитриевна', '4 года 2 мес.', 117, '79288929050', 'iLf8ZpGTFvX'),
(488, 'Булачова Жавгарат Билаловна', '4 года 2 мес.', 117, '79188680044', 'jfgQY76EkpL'),
(489, 'Антанавичус Екатерина Сергеевна', '11 мес.', 117, '79319915650', 'uvMPqzc0CF1'),
(490, 'Куштова Лариса Белановна', '2 года', 117, '79801152242', 'rWOsxaQ8DcO'),
(491, 'Кусова Надежда Алексеевна', '41 год 2 мес.', 118, '79276836040', 'aVjso2vvpdr'),
(492, 'Азамова Нифулар Иномжоновна', '2 года 4 мес.', 118, '79113497667', '3lf7g8xpB8J'),
(493, 'Джалалянц Грета Гареновна', '10 лет 8 мес.', 118, '79666704391', 'xwlkf5L9N8O'),
(494, 'Долгова Елена Юрьевна', '9 лет', 118, '79600738416', '81l8DMnI6c6'),
(495, 'Кривошеева Любовь Николаевна', '15 лет 8 мес.', 118, '79057100852', 'j3OTEprHpyy'),
(496, 'Киселева Алина Николаевна', '10 лет 5 мес.', 119, '79171886688', 'TPau1XqtGbD'),
(497, 'Очкуренко Анатолий Павлович', '40 лет 4 мес.', 119, '79569119968', 'ebTJ0bveoKu'),
(498, 'Токарева Елена Алексеевна', '2 года', 119, '79116675871', '0RAV7xScM5J'),
(499, 'Дегоева Фатима Масаевна', '2 года', 120, '79033433126', 'X9YMcamqEaS'),
(500, 'Саидова Фарида Самедовна', '11 лет 8 мес.', 120, '79821530454', 'pBko9hwb7xa'),
(501, 'Юдина Юлия Андреевна', '8 лет 10 мес.', 120, '79172961338', '0cRBukNfEA0'),
(502, 'Берников Роман Иванович', '7 мес.', 121, '79867376413', 'gH0fYl7wVxF'),
(503, 'Златкина Светлана Ильинична', '2 года', 121, '79807018380', 'yUEJEt4PRyt'),
(504, 'Кожевникова Мария Юрьевна', '1 год 2 мес.', 121, '79814117438', 'QbKdCmrrE2b'),
(505, 'Низова Любовь Петровна', '2 года', 121, '79872188368', '2yue3vgUXg8'),
(506, 'Щеглова Валентина Анатольевна', '2 года', 121, '79127411752', 'nYEvYeVX1ki'),
(507, 'Неверова Ольга Серьгеевна', '7 лет 9 мес.', 122, '79846924191', 'IVK1fB4iqpU'),
(508, 'Байрамов Альбер Гюлалиевич', '16 лет 2 мес.', 123, '79580096407', 'vxnXJuMP5P6'),
(509, 'Ахмемдова Заррина Баходуровна', '4 года 2 мес.', 123, '79781578701', 'oyeDdZt9FOo'),
(510, 'Растегаева Ирина Николаевна', '24 года 2 мес.', 123, '79028377838', '162VcSolcv8'),
(511, 'Байрамов Альбер Гюлалиевич', '16 лет 2 мес.', 124, '79822699604', 'dOTHo01kXLc'),
(512, 'Ахмемдова Заррина Баходуровна', '4 года 2 мес.', 124, '79507256977', 'HJegjAlSFA5'),
(513, 'Растегаева Ирина Николаевна', '24 года 2 мес.', 124, '79150828001', 'asuA74VHbM7'),
(514, 'Матросов Иван Александрович', '1 год 7 мес.', 125, '79858663896', 'shhdcWCMf37'),
(515, 'Аникина Надежда Евгениевна', '24 года 2 мес.', 125, '79037349482', 'Uc71SWJQix0'),
(516, 'Марунина Елена Ивановна', '1 год 7 мес.', 125, '79178490729', 'PUiFqmuSkJ9'),
(517, 'Никитина Мария Викторовна', '24 года 2 мес.', 125, '79964463270', 'vljoTA4or41'),
(518, 'Токарева Елена Владимировна', '24 года 2 мес.', 125, '79371309760', 'CFN1R8z0UWF'),
(519, 'Безверхова Наталья Сергеевна', '34 года 2 мес.', 126, '79333004362', 'm47bTRmagkS'),
(520, 'Бондарь Алевтина Петровна', '34 года 2 мес.', 126, '79781485769', 'avie9jTWGFx'),
(521, 'Додонова Надежда Ленидовна', '4 года 8 мес.', 126, '79878748591', 'k2HIf3YFAq6'),
(522, 'Масюков Сергей Владимирович', '3 года 2 мес.', 126, '79104837292', 'oMApALdM2gT'),
(523, 'Алтыбасова Алла Бериковна', '24 года 2 мес.', 127, '79231018537', 'CAMiFmHxN98'),
(524, 'Асадуллаева Малика Огтаевна', '3 года 2 мес.', 127, '79800374162', 'zKc4YfuVyFU'),
(525, 'Бордова Наталья Алексеевна', '11 лет 2 мес.', 127, '79026190625', 'HGDdKsOh09d'),
(526, 'Павлинова Елена Васильевна', '39 лет 2 мес.', 127, '79110529459', 'F4WpkPvnT2X'),
(527, 'Фатьянова Валентина Михайловна', '37 лет 2 мес.', 127, '79676079310', 'Qq2kvOnoljd'),
(528, 'Гурбанова Басти Илхам Кызы', '7 мес.', 128, '79567680689', 'QrRfn8sq6Gk'),
(529, 'Корзникова Варвара Дмитриевна', '6 мес.', 128, '79209762034', 'hqunaSQWJ52'),
(530, 'Ажгириева Зарина Хароновна', '5 лет 2 мес.', 128, '79347210562', 'MLr8kGTAKi0'),
(531, 'Федоровцева Татьяна Владимировна', '34 года 2 мес.', 128, '79815392983', '7nTcSSWPRzw'),
(532, 'Дмитриева Ксения Валерьевна', '34 года 2 мес.', 128, '79068234768', 'v4lai9Z1CZ0'),
(533, 'Ардашев Александр Яковлевич', '46 лет 2 мес.', 129, '79159699810', 'v4lai9Z1CZ0'),
(534, 'Маркунина Марина Павловна', '12 лет 1 мес.', 130, '79931713697', 'hlwfUys5hfy'),
(535, 'Смирнов Вадим Александрович', '10 лет 2 мес.', 130, '79335498399', 'hwVjow91VVh'),
(536, 'Сизинцева Елена Федоровна', '10 лет 2 мес.', 130, '79609194981', '4U5OmXZGDR5'),
(537, 'Земских Вера Алексеевна', '18 лет 4 мес.', 130, '79397999335', 'nnW9syA3w06'),
(538, 'Рудова Галина Васильевна', '42 года 6 мес.', 130, '79255555655', 'Cu8T0uEPzAg'),
(539, 'Николашин Николай Николаевич', '16 лет 4 мес.', 131, '79678703406', 'x0aSKYpfuRF'),
(540, 'Алексеева Алёна Юрьевна', '7 лет 2 мес.', 131, '79808739473', 'EOALI4R4nKG'),
(541, 'Бикташев Ильяс Шакирович', '31 год', 131, '79147381605', 'UNhfC1IXRbo'),
(542, 'Богданов Александр Александрович', '36 лет 8 мес.', 131, '79412946633', '8S3hOuzdiDB'),
(543, 'Газиев Ислам Рамазанович', '4 года 2 мес.', 131, '79697651637', 'FcyQeK8aibG'),
(544, 'Радионова Алена Равилевна', '34 года 2 мес.', 132, '79638113700', 'tl1P2PE7jhM'),
(545, 'Казанцева Мария Олеговна', '34 года 2 мес.', 132, '79289312607', 'y4YZ9j4t7nW'),
(546, 'Мухиддинов Ильдар Мирхамитович', '6 лет 1 мес.', 132, '79701383104', 'riWPLr7E7AY'),
(547, 'Пономаренко Евгений Геннадьевич', '34 года 2 мес.', 132, '79912089857', 'wG8t2xxbgXd'),
(548, 'Федина Ирина Евгеньевна', '34 года 2 мес.', 132, '79832662569', 'HyHuk0C00JV'),
(549, 'Пластун Нина Николаевна', '34 года 2 мес.', 133, '79346941246', 'aER7XSIBVq3'),
(550, 'Витка Вера Владимировна', '34 года 2 мес.', 133, '79202664178', 'qCrY0dAfWLy'),
(551, 'Киселева Галина Михайловна', '34 года 2 мес.', 133, '79016589560', 'rl6Y5h0dTAT'),
(552, 'Казакова Тамара Александровна', '34 года 2 мес.', 133, '79974953497', 'nzTYyO9cQUV'),
(553, 'Кучерай Ирина Николаевна', '34 года 2 мес.', 133, '79668362708', 'a3DGz5UvS7H'),
(554, 'Демочкин Дмитрий Сергеевич', '2 года 6 мес.', 134, '79670385629', 'z5VZL3YgX70'),
(555, 'Жинко Роман Николаевич', '1 год 3 мес.', 134, '79946459512', '8VPJRUIf4T0'),
(556, 'Курдюков Владимир Николаевич', '1 год 8 мес.', 134, '79126780832', 'Mf1ShYPGQIc'),
(557, 'Олимджонзода Малохат', '1 год 2 мес.', 135, '79032175096', 'dft6RBtJGye'),
(558, 'Михайлов Михаил Анатольевич', '3 года 11 мес.', 135, '79938387750', 'NPvqHfTZGA5'),
(559, 'Артемьева Людмила Анатоьевна', '43 года 11 мес.', 135, '79636355076', 'yziQe1QMcA2'),
(560, 'Лесковская Неля Анатольевна', '3 года 5 мес.', 135, '79561390256', 'EXdDn5xOBlq'),
(561, 'Каюалин Валерий Евгеньевич', '3 года 1 мес.', 135, '79024249116', 'RNNuff1rBFJ'),
(562, 'Загунова Дарья Сергеевна', '1 год 7 мес.', 136, '79825888657', '2Ozu0WwU6wB'),
(563, 'Халмухамедова Татьяна Олеговна', '3 года 10 мес.', 136, '79642135619', 'aEdagnb7UdV'),
(564, 'Кочергина Елена Васильевна', '3 года 10 мес.', 136, '79877090235', 'DCchjAaY2R2'),
(565, 'Исаева Нина Витальевна', '3 года 10 мес.', 136, '79378571560', '5nVXVOXv4TW'),
(566, 'Знаенкова Людмила Вячеславовна', '3 года 10 мес.', 136, '79775233143', 'hQnxVFh6OO4'),
(567, 'Полухина Надежда Владимировна', ' 2 года 7 мес.', 137, '79787361925', 'pdEr1fG0DHL'),
(568, 'Егупова Елена Александровна', '11 лет 2 мес.', 137, '79877728723', '7Q7XdRQDXks'),
(569, 'Сайкина Анна Олеговна', '1 год 6 мес.', 137, '79883366427', 'ssYBMo6DXBA'),
(570, 'Андреева Жанна Алексеевна', '2 года 6 мес.', 137, '79329227264', 'gj7x4JTXaDH'),
(571, 'Житкевич Иван Иванович', '3 года 11 мес.', 137, '79963985553', 'x3HzxKG0vDe'),
(572, 'Ковалёва Маргарита Викторовна', '1 года 2 мес.', 138, '79685419473', 'Kpkmtm1f9sN'),
(573, 'Ефимова Галина Сергеевна', '47 лет 2 мес.', 139, '79195435236', 'HBi69qXuJcw'),
(574, 'Благодёрова Отльга Ивановна', '17 лет 2 мес.', 140, '79195435236', 'AG4McJvN9Z5'),
(575, 'Яровая Алёна Алексеевна', '1 год 2 мес.', 141, '79138966931', 'L4r5e7Pe0Ge'),
(576, 'Рыбина Анастасия Александровна', '1 год 1 мес.', 141, '79710781667', 'fIBG8S1ooK8'),
(577, 'Пилипенко Анна Евгеньевна', '9 мес.', 141, '79665003487', 'TxoGT3TJQe1'),
(578, 'Семенова Ольга Владимировна', '24 года 1 мес.', 142, '79921888709', 'EYAoE80JWpw'),
(579, 'Дорожкина Ирина Анатольевна', '2 года 2 мес.', 143, '79239993592', 'G7xM7GWMlka'),
(580, 'Погорелов Юрий Николаевич', '67 лет 4 мес.', 143, '79895195121', '3lSrBRvCV13');
INSERT INTO `personal` (`PersonalId`, `Fio`, `PostTime`, `MedPostCode`, `phone`, `password`) VALUES
(581, 'Абдупахмонова Сайёраджон Абдурахимовна', '6 лет 1 мес.', 143, '79830724015', 'vVk5nDj5GOV'),
(582, 'Забаранкова Елена Александровна', '9 лет 2 мес.', 143, '79699629763', 'qRY0s5ESfmA'),
(583, 'Искусных Маргарита Владимировна', '31 год 2 мес.', 143, '79938728267', 'bxZ4XboAb5M'),
(584, 'Алиев Арип Магомедович', '1 год 3 мес.', 144, '79848315001', '5MeUNnpcidA'),
(585, 'Габсолихов Рустам Рамзавиевич', '1 год 5 мес.', 144, '79417528619', 'CAFn1bAsF5V'),
(586, 'Размазина Оксана Владимировна', '1 год 3 мес.', 144, '79542464527', 'Tw2tYCo7l85'),
(587, 'Сергеевна Наталия Вячеславовна', ' 3 года 10 мес.', 145, '79311636978', 'fKILZ7jHLvz'),
(588, 'Кабинет Льготной выписки Сергиевская пол-ка', '1 год 8 мес.', 146, '79102380476', 'JSSOe6c2mkL'),
(589, 'Евстигнеева Татьяна Анатольевна', '1 год 4 мес.', 147, '79504153777', '0wyvlJSsf84'),
(590, 'Найданова Юлия Петровна', '1 год 2 мес.', 147, '79702532770', 'fiYgWsyQ1o4'),
(591, 'Шутова Анна Александровна', '19 лет', 148, '79994654597', '4Ki7DcKvhxh'),
(592, 'Баханаева Милана Салмановна', '10 лет 6 мес.', 148, '79065008673', 'HhYDQa36634'),
(593, 'Андрощук Наталья Геннадьевна', '17 лет 4 мес.', 148, '79178069325', 'GWoTj62g1yf'),
(594, 'Боброва Ирина Валерьевна', '15 лет 4 мес.', 148, '79114558153', 'RBqKWA9qc57'),
(595, 'Гитинова Тальмира Абдулавна', '42 года 7 мес.', 148, '79626972629', 'KDuvgAIQOK6'),
(596, 'Агапова Виктория Григорьевна', '8 лет 5 мес.', 149, '79340198923', 'qTS59aCGIWJ'),
(597, 'Барашкина Алина Владимировна', '1 год 5 мес.', 149, '79640752890', '0QmtECbEOVA'),
(598, 'Винокурова Надежда Викторовна', '1 год 8 мес.', 149, '79193537131', 'ixfAeD0NPh1'),
(599, 'Горовая Ольга Владимировна', '1 год 8 мес.', 149, '79562529687', 'kmQbX8TfdNN'),
(600, 'Домночева Алена Александровна', '11 лет 1 мес.', 149, '79549841773', '6tdyFzsWO3a'),
(601, 'Байкова Елена Васильевна', '12 лет 3 мес.', 150, '79709815686', '7YLMwUKMPub'),
(602, 'Гур Татьяна Алексеевна', '6 лет 4 мес.', 150, '79585043366', 'cAdXaWnl05w'),
(603, 'Коровин Максим Борисович', '3 года 1 мес.', 150, '79245278504', 'iYAm6k4QHVU'),
(604, 'Кузнецов Константин Вячеславович', '8 лет 10 мес.', 150, '79606185203', 'XPhFF0MrnFf'),
(605, 'Нодирхонова Минижахон Гйфроновна', '2 года 8 мес.', 150, '79706306255', 'YCAJd7PTcES'),
(606, 'Делвахов Хурсанд Сайдамирович', '1 год 8 мес.', 151, '79962127829', 'NTbRezPG0X8'),
(607, 'Мачихильян Христофор Керопович', '1 год 8 мес.', 151, '79015616834', 'LbK1GWtnVc5'),
(608, 'Шинтяпина Олеся Павловна', '8 лет 9 мес.', 152, '79211992007', 'aGo13XhggYs'),
(609, 'Талицин Максим Игоревич', '1 год 8 мес.', 153, '79627470946', '7o3szNbooK2'),
(610, 'Мазалова Галина Михайловна', '1 год 8 мес.', 154, '79650409422', 'XUjTPi1Sjef'),
(611, 'Акопян Иветта Фриковна', '7 мес.', 155, '79991328434', '6b1KPwkeu35'),
(612, 'Шумакова Марина Геннадьевна', '1 год 8 мес.', 156, '79609202454', '5IpHIWII7sq'),
(613, 'Дашиева Дарима Галсановна', '1 год 8 мес.', 157, '79126834377', 'GuEwt6PkYVg'),
(614, 'Балакина Ирина Николаевна', '14 лет', 158, '79312859527', 'tD98aonzIFz');

-- --------------------------------------------------------

--
-- Структура таблицы `post`
--

CREATE TABLE `post` (
  `PostId` int(11) NOT NULL,
  `PostValue` varchar(200) NOT NULL
) ENGINE=InnoDB DEFAULT CHARSET=utf8mb4;

--
-- Дамп данных таблицы `post`
--

INSERT INTO `post` (`PostId`, `PostValue`) VALUES
(1, 'Акушер-гинеколог'),
(2, 'Акушерка'),
(3, 'Аллерголог'),
(4, 'Аллерголог-Имунолог'),
(5, 'Анестезиолог'),
(6, 'Врач-Педиатр Участковый'),
(7, 'Врач-Психиатр Участковый'),
(8, 'Врач-Терапевт Участковый'),
(9, 'Врач-Фтизиатр Участковый'),
(10, 'Гастроэнтеролог'),
(11, 'Гематолог'),
(12, 'Гепатолог'),
(13, 'Гериатр'),
(14, 'Гинеколог'),
(15, 'Гинеколог-Онколог'),
(16, 'Гинеколог-Эндокринолог'),
(17, 'Дерматовенеролог'),
(18, 'Детская Кардиология'),
(19, 'Детская Урология-Андрология'),
(20, 'Детская Хирургия'),
(21, 'Детская Эндокринология'),
(22, 'Инфекционист'),
(23, 'Кардиолог'),
(24, 'Клинический психолог'),
(25, 'Клинический Фармаколог'),
(26, 'Колопроктолог'),
(27, 'Коронавирус (КОВИД/COVID)'),
(28, 'Логопед'),
(29, 'Невролог'),
(30, 'Невропатолог'),
(31, 'Нефролог'),
(32, 'Общий Хируг'),
(33, 'Онколог'),
(34, 'Отоларинголог'),
(35, 'Оториноларинголог (ЛОР)'),
(36, 'Офтальмолог'),
(37, 'Педиатр'),
(38, 'Перинатальный Психолог'),
(39, 'Психиатр'),
(40, 'Психиатр-Нарколог'),
(41, 'Психолог'),
(42, 'Психотерапевт'),
(43, 'Пульмонолог'),
(44, 'Ревматолог'),
(45, 'Семейный Психолог'),
(46, 'Стоматолог'),
(47, 'Стоматолог-Терапевт'),
(48, 'Сурдолог'),
(49, 'Терапевт'),
(50, 'Травматолог'),
(51, 'Травматолог-Ортопед'),
(52, 'Ультразвуковая Диагностика (УЗИ)'),
(53, 'Уролог'),
(54, 'Уролог-Андролог'),
(55, 'Фельдшер'),
(56, 'Физиотерапевт'),
(57, 'Фтизиатр'),
(58, 'Функциональная диагностика'),
(59, 'Хирург'),
(60, 'Хирург-Эндоскопист'),
(61, 'Эндокринолог');

-- --------------------------------------------------------

--
-- Структура таблицы `record`
--

CREATE TABLE `record` (
  `RecordId` int(11) NOT NULL,
  `PersonalCode` int(11) NOT NULL,
  `UserCode` int(11) NOT NULL,
  `Data` date NOT NULL,
  `Time` varchar(5) NOT NULL,
  `Problems` varchar(500) NOT NULL,
  `Contact` varchar(10) NOT NULL,
  `Request` varchar(11) NOT NULL DEFAULT 'Открыта'
) ENGINE=InnoDB DEFAULT CHARSET=utf8mb4;

--
-- Дамп данных таблицы `record`
--

INSERT INTO `record` (`RecordId`, `PersonalCode`, `UserCode`, `Data`, `Time`, `Problems`, `Contact`, `Request`) VALUES
(1, 2, 617, '2024-05-29', '10:30', 'Мане плахо, пимогитэ, пж', 'Чат', 'Открыта'),
(45, 1, 615, '2024-05-29', '10:30', 'sdfsdfsdf', 'Чат', 'Открыта'),
(46, 1, 616, '2024-05-30', '10:30', 'sdcfsdvcsdv', 'Чат', 'Открыта'),
(47, 1, 617, '2024-05-29', '10:00', '12324', 'Чат', 'Открыта'),
(48, 328, 618, '2024-06-05', '12:00', 'ййййййййййййй', 'Чат', 'Открыта'),
(49, 78, 618, '2024-06-19', '12:00', 'Грипп', 'Чат', 'Открыта'),
(50, 95, 618, '2024-06-06', '13:00', 'Боль в горле', 'Чат', 'Открыта'),
(52, 93, 617, '2024-06-05', '12:00', 'Тело слабое', 'Чат', 'Закрыта'),
(54, 281, 615, '2024-06-06', '12:30', 'qwewqe', 'Чат', 'Открыта'),
(55, 328, 615, '2024-06-05', '12:30', 'sedrtgrfegt', 'Чат', 'Открыта'),
(56, 328, 615, '2024-06-06', '11:30', 'dffgh', 'Чат', 'Открыта'),
(57, 2, 615, '2024-06-03', '11:00', 'qweqwr', 'Чат', 'Открыта'),
(58, 511, 619, '2024-06-20', '12:30', 'прапрнп', 'Чат', 'Открыта'),
(63, 90, 620, '2024-06-11', '12:30', 'Низкое давление', 'Чат', 'Открыта'),
(64, 281, 620, '2024-06-11', '12:00', 'asdasdf', 'Чат', 'Открыта'),
(65, 1, 620, '2024-06-19', '10:30', 'rthrthtrh', 'Чат', 'Открыта');

-- --------------------------------------------------------

--
-- Структура таблицы `timepers`
--

CREATE TABLE `timepers` (
  `timePersId` int(11) NOT NULL,
  `PersonalCode` int(11) NOT NULL,
  `Monday` varchar(100) NOT NULL,
  `Tuesday` varchar(100) NOT NULL,
  `Wednesday` varchar(100) NOT NULL,
  `Thursday` varchar(100) NOT NULL,
  `Friday` varchar(100) NOT NULL
) ENGINE=InnoDB DEFAULT CHARSET=utf8mb4;

--
-- Дамп данных таблицы `timepers`
--

INSERT INTO `timepers` (`timePersId`, `PersonalCode`, `Monday`, `Tuesday`, `Wednesday`, `Thursday`, `Friday`) VALUES
(1, 1, '10:00', '10:30', '11:00', '', ''),
(2, 2, '11:00 ', '11:30', '12:00', '12:30', ''),
(3, 3, '10:30', '11:00', '11:30', '12:00', ''),
(4, 4, '12:00', '12:30', '13:00', '', ''),
(5, 5, '11:30', '12:00', '12:30', '', ''),
(6, 6, '11:30', '12:00', '12:30', '13:00', ''),
(7, 7, '10:00', '12:00', '13:00', '', ''),
(8, 8, '10:00', '12:00', '12:30', '13:00', ''),
(9, 9, '11:00', '12:00', '13:00', '', ''),
(10, 10, '11:30', '12:30', '13:30', '', ''),
(11, 11, '12:00', '12:30', '13:00', '', ''),
(12, 12, '11:30', '12:00', '12:30', '13:00', ''),
(13, 13, '11:30', '12:00', '12:30', '', ''),
(14, 14, '10:30', '11:00', '11:30', '12:00', ''),
(15, 15, '11:00', '12:00', '13:00', '', ''),
(16, 16, '10:00', '12:00', '12:30', '13:00', ''),
(17, 17, '12:00', '12:30', '13:00', '', ''),
(18, 18, '11:30', '12:30', '13:30', '', ''),
(19, 19, '10:30', '11:00', '11:30', '12:00', ''),
(20, 20, '11:30', '12:00', '12:30', '', ''),
(21, 21, '10:00', '12:00', '13:00', '', ''),
(22, 22, '10:00', '12:00', '12:30', '13:00', ''),
(23, 23, '10:00', '12:00', '13:00', '', ''),
(24, 24, '11:30', '12:00', '12:30', '13:00', ''),
(25, 25, '11:00', '12:00', '13:00', '', ''),
(26, 26, '11:30', '12:30', '13:30', '', ''),
(27, 27, '11:30', '12:00', '12:30', '', ''),
(28, 28, '10:30', '11:00', '11:30', '12:00', ''),
(29, 29, '12:00', '12:30', '13:00', '', ''),
(30, 30, '11:30', '12:00', '12:30', '13:00', ''),
(31, 31, '10:00', '12:00', '13:00', '', ''),
(32, 32, '11:00', '12:00', '13:00', '', ''),
(33, 33, '10:00', '12:00', '12:30', '13:00', ''),
(34, 34, '11:30', '12:00', '12:30', '', ''),
(35, 35, '10:30', '11:00', '11:30', '12:00', ''),
(36, 36, '11:30', '12:30', '13:30', '', ''),
(37, 37, '12:00', '12:30', '13:00', '', ''),
(38, 38, '10:00', '12:00', '12:30', '13:00', ''),
(39, 39, '11:30', '12:00', '12:30', '13:00', ''),
(40, 40, '10:00', '12:00', '13:00', '', ''),
(41, 41, '11:00', '12:00', '13:00', '', ''),
(42, 42, '11:30', '12:30', '13:30', '', ''),
(43, 43, '11:30', '12:30', '13:30', '', ''),
(44, 44, '11:30', '12:30', '13:30', '', ''),
(45, 45, '10:00', '12:00', '12:30', '13:00', ''),
(46, 46, '10:30', '11:00', '11:30', '12:00', ''),
(47, 47, '11:30', '12:00', '12:30', '13:00', ''),
(48, 48, '10:00', '12:00', '13:00', '', ''),
(49, 49, '12:00', '12:30', '13:00', '', ''),
(50, 50, '11:00', '12:00', '13:00', '', ''),
(51, 51, '12:00', '12:30', '13:00', '', ''),
(52, 52, '11:30', '12:00', '12:30', '', ''),
(53, 53, '10:00', '12:00', '13:00', '', ''),
(54, 54, '11:30', '12:00', '12:30', '13:00', ''),
(55, 55, '10:00', '12:00', '12:30', '13:00', ''),
(56, 56, '12:00', '12:30', '13:00', '', ''),
(57, 57, '10:30', '11:00', '11:30', '12:00', ''),
(58, 58, '11:30', '12:30', '13:30', '', ''),
(59, 59, '11:00', '12:00', '13:00', '', ''),
(60, 60, '11:30', '12:00', '12:30', '13:00', ''),
(61, 61, '11:30', '12:00', '12:30', '', ''),
(62, 62, '10:30', '11:00', '11:30', '12:00', ''),
(63, 63, '10:00', '12:00', '12:30', '13:00', ''),
(64, 64, '11:30', '12:30', '13:30', '', ''),
(65, 65, '12:00', '12:30', '13:00', '', ''),
(66, 66, '11:30', '12:00', '12:30', '', ''),
(67, 67, '11:00', '12:00', '13:00', '', ''),
(68, 68, '11:30', '12:30', '13:30', '', ''),
(69, 69, '10:00', '12:00', '13:00', '', ''),
(70, 70, '10:00', '12:00', '12:30', '13:00', ''),
(71, 71, '10:00', '12:00', '13:00', '', ''),
(72, 72, '10:30', '11:00', '11:30', '12:00', ''),
(73, 73, '11:00', '12:00', '13:00', '', ''),
(74, 74, '11:30', '12:00', '12:30', '13:00', ''),
(75, 75, '11:30', '12:00', '12:30', '13:00', ''),
(76, 76, '10:30', '11:00', '11:30', '12:00', ''),
(77, 77, '11:30', '12:00', '12:30', '', ''),
(78, 78, '11:00', '12:00', '13:00', '', ''),
(79, 79, '10:00', '12:00', '13:00', '', ''),
(80, 80, '11:30', '12:00', '12:30', '13:00', ''),
(81, 81, '12:00', '12:30', '13:00', '', ''),
(82, 82, '11:30', '12:00', '12:30', '', ''),
(83, 83, '10:30', '11:00', '11:30', '12:00', ''),
(84, 84, '11:30', '12:30', '13:30', '', ''),
(85, 85, '10:00', '12:00', '12:30', '13:00', ''),
(86, 86, '10:00', '12:00', '12:30', '13:00', ''),
(87, 87, '11:30', '12:30', '13:30', '', ''),
(88, 88, '10:00', '12:00', '13:00', '', ''),
(89, 89, '11:00', '12:00', '13:00', '', ''),
(90, 90, '12:00', '12:30', '13:00', '', ''),
(91, 91, '11:30', '12:30', '13:30', '', ''),
(92, 92, '10:30', '11:00', '11:30', '12:00', ''),
(93, 93, '10:00', '12:00', '12:30', '13:00', ''),
(94, 94, '10:00', '12:00', '13:00', '', ''),
(95, 95, '11:30', '12:00', '12:30', '13:00', ''),
(96, 96, '11:30', '12:30', '13:30', '', ''),
(97, 97, '12:00', '12:30', '13:00', '', ''),
(98, 98, '11:00', '12:00', '13:00', '', ''),
(99, 99, '10:00', '12:00', '12:30', '13:00', ''),
(100, 100, '12:00', '12:30', '13:00', '', ''),
(101, 101, '12:00', '12:30', '13:00', '', ''),
(102, 102, '11:30', '12:00', '12:30', '', ''),
(103, 103, '10:00', '12:00', '13:00', '', ''),
(104, 104, '11:30', '12:00', '12:30', '13:00', ''),
(105, 105, '11:00', '12:00', '13:00', '', ''),
(106, 106, '12:00', '12:30', '13:00', '', ''),
(107, 107, '10:00', '12:00', '12:30', '13:00', ''),
(108, 108, '11:30', '12:30', '13:30', '', ''),
(109, 109, '11:30', '12:00', '12:30', '', ''),
(110, 110, '11:30', '12:00', '12:30', '13:00', ''),
(111, 111, '11:30', '12:00', '12:30', '', ''),
(112, 112, '10:30', '11:00', '11:30', '12:00', ''),
(113, 113, '10:30', '11:00', '11:30', '12:00', ''),
(114, 114, '10:00', '12:00', '12:30', '13:00', ''),
(115, 115, '12:00', '12:30', '13:00', '', ''),
(116, 116, '11:30', '12:30', '13:30', '', ''),
(117, 117, '10:00', '12:00', '12:30', '13:00', ''),
(118, 118, '11:30', '12:30', '13:30', '', ''),
(119, 119, '10:00', '12:00', '13:00', '', ''),
(120, 120, '11:00', '12:00', '13:00', '', ''),
(121, 121, '10:00', '12:00', '13:00', '', ''),
(122, 122, '10:30', '11:00', '11:30', '12:00', ''),
(123, 123, '11:00', '12:00', '13:00', '', ''),
(124, 124, '11:30', '12:00', '12:30', '13:00', ''),
(125, 125, '11:00', '12:00', '13:00', '', ''),
(126, 126, '11:30', '12:00', '12:30', '13:00', ''),
(127, 127, '11:30', '12:00', '12:30', '', ''),
(128, 128, '11:30', '12:00', '12:30', '13:00', ''),
(129, 129, '10:00', '12:00', '13:00', '', ''),
(130, 130, '10:30', '11:00', '11:30', '12:00', ''),
(131, 131, '12:00', '12:30', '13:00', '', ''),
(132, 132, '11:30', '12:00', '12:30', '', ''),
(133, 133, '10:00', '12:00', '12:30', '13:00', ''),
(134, 134, '11:30', '12:30', '13:30', '', ''),
(135, 135, '10:30', '11:00', '11:30', '12:00', ''),
(136, 136, '12:00', '12:30', '13:00', '', ''),
(137, 137, '11:30', '12:30', '13:30', '', ''),
(138, 138, '10:00', '12:00', '13:00', '', ''),
(139, 139, '11:00', '12:00', '13:00', '', ''),
(140, 140, '10:00', '12:00', '13:00', '', ''),
(141, 141, '11:30', '12:30', '13:30', '', ''),
(142, 142, '10:30', '11:00', '11:30', '12:00', ''),
(143, 143, '10:00', '12:00', '12:30', '13:00', ''),
(144, 144, '11:30', '12:30', '13:30', '', ''),
(145, 145, '10:00', '12:00', '12:30', '13:00', ''),
(146, 146, '11:30', '12:00', '12:30', '13:00', ''),
(147, 147, '12:00', '12:30', '13:00', '', ''),
(148, 148, '12:00', '12:30', '13:00', '', ''),
(149, 149, '10:00', '12:00', '12:30', '13:00', ''),
(150, 150, '11:00', '12:00', '13:00', '', ''),
(151, 151, '11:30', '12:00', '12:30', '', ''),
(152, 152, '10:00', '12:00', '13:00', '', ''),
(153, 153, '10:30', '11:00', '11:30', '12:00', ''),
(154, 154, '12:00', '12:30', '13:00', '', ''),
(155, 155, '11:30', '12:00', '12:30', '13:00', ''),
(156, 156, '12:00', '12:30', '13:00', '', ''),
(157, 157, '10:00', '12:00', '12:30', '13:00', ''),
(158, 158, '11:00', '12:00', '13:00', '', ''),
(159, 159, '11:30', '12:00', '12:30', '', ''),
(160, 160, '11:30', '12:30', '13:30', '', ''),
(161, 161, '11:30', '12:00', '12:30', '', ''),
(162, 162, '11:30', '12:00', '12:30', '13:00', ''),
(163, 163, '10:30', '11:00', '11:30', '12:00', ''),
(164, 164, '10:00', '12:00', '12:30', '13:00', ''),
(165, 165, '12:00', '12:30', '13:00', '', ''),
(166, 166, '10:00', '12:00', '13:00', '', ''),
(167, 167, '10:00', '12:00', '12:30', '13:00', ''),
(168, 168, '11:30', '12:30', '13:30', '', ''),
(169, 169, '10:00', '12:00', '13:00', '', ''),
(170, 170, '11:00', '12:00', '13:00', '', ''),
(171, 171, '10:00', '12:00', '13:00', '', ''),
(172, 172, '10:30', '11:00', '11:30', '12:00', ''),
(173, 173, '11:00', '12:00', '13:00', '', ''),
(174, 174, '11:30', '12:30', '13:30', '', ''),
(175, 175, '11:00', '12:00', '13:00', '', ''),
(176, 176, '11:30', '12:00', '12:30', '13:00', ''),
(177, 177, '11:30', '12:00', '12:30', '13:00', ''),
(178, 178, '11:30', '12:00', '12:30', '13:00', ''),
(179, 179, '11:30', '12:00', '12:30', '', ''),
(180, 180, '10:30', '11:00', '11:30', '12:00', ''),
(181, 181, '11:30', '12:00', '12:30', '', ''),
(182, 182, '10:30', '11:00', '11:30', '12:00', ''),
(183, 183, '10:00', '12:00', '12:30', '13:00', ''),
(184, 184, '11:30', '12:30', '13:30', '', ''),
(185, 185, '11:30', '12:30', '13:30', '', ''),
(186, 186, '12:00', '12:30', '13:00', '', ''),
(187, 187, '12:00', '12:30', '13:00', '', ''),
(188, 188, '10:00', '12:00', '13:00', '', ''),
(189, 189, '11:00', '12:00', '13:00', '', ''),
(190, 190, '10:00', '12:00', '13:00', '', ''),
(191, 191, '11:30', '12:30', '13:30', '', ''),
(192, 192, '10:30', '11:00', '11:30', '12:00', ''),
(193, 193, '10:00', '12:00', '12:30', '13:00', ''),
(194, 194, '11:30', '12:30', '13:30', '', ''),
(195, 195, '10:00', '12:00', '12:30', '13:00', ''),
(196, 196, '11:30', '12:00', '12:30', '13:00', ''),
(197, 197, '12:00', '12:30', '13:00', '', ''),
(198, 198, '12:00', '12:30', '13:00', '', ''),
(199, 199, '11:00', '12:00', '13:00', '', ''),
(200, 200, '10:00', '12:00', '12:30', '13:00', ''),
(201, 201, '10:30', '11:00', '11:30', '12:00', ''),
(202, 202, '12:00', '12:30', '13:00', '', ''),
(203, 203, '12:00', '12:30', '13:00', '', ''),
(204, 204, '10:00', '12:00', '12:30', '13:00', ''),
(205, 205, '10:00', '12:00', '13:00', '', ''),
(206, 206, '11:30', '12:00', '12:30', '', ''),
(207, 207, '11:30', '12:00', '12:30', '13:00', ''),
(208, 208, '11:00', '12:00', '13:00', '', ''),
(209, 209, '11:30', '12:00', '12:30', '13:00', ''),
(210, 210, '11:30', '12:00', '12:30', '', ''),
(211, 211, '10:00', '12:00', '12:30', '13:00', ''),
(212, 212, '10:30', '11:00', '11:30', '12:00', ''),
(213, 213, '11:30', '12:00', '12:30', '', ''),
(214, 214, '11:30', '12:30', '13:30', '', ''),
(215, 215, '12:00', '12:30', '13:00', '', ''),
(216, 216, '10:00', '12:00', '12:30', '13:00', ''),
(217, 217, '11:30', '12:00', '12:30', '13:00', ''),
(218, 218, '11:00', '12:00', '13:00', '', ''),
(219, 219, '11:30', '12:30', '13:30', '', ''),
(220, 220, '10:00', '12:00', '13:00', '', ''),
(221, 221, '10:30', '11:00', '11:30', '12:00', ''),
(222, 222, '10:00', '12:00', '13:00', '', ''),
(223, 223, '10:00', '12:00', '13:00', '', ''),
(224, 224, '11:30', '12:00', '12:30', '13:00', ''),
(225, 225, '11:30', '12:30', '13:30', '', ''),
(226, 226, '11:00', '12:00', '13:00', '', ''),
(227, 227, '11:00', '12:00', '13:00', '', ''),
(228, 228, '11:30', '12:00', '12:30', '13:00', ''),
(229, 229, '10:30', '11:00', '11:30', '12:00', ''),
(230, 230, '10:30', '11:00', '11:30', '12:00', ''),
(231, 231, '11:30', '12:00', '12:30', '', ''),
(232, 232, '11:30', '12:00', '12:30', '', ''),
(233, 233, '11:30', '12:30', '13:30', '', ''),
(234, 234, '12:00', '12:30', '13:00', '', ''),
(235, 235, '12:00', '12:30', '13:00', '', ''),
(236, 236, '11:30', '12:30', '13:30', '', ''),
(237, 237, '10:00', '12:00', '13:00', '', ''),
(238, 238, '11:30', '12:00', '12:30', '13:00', ''),
(239, 239, '11:00', '12:00', '13:00', '', ''),
(240, 240, '11:30', '12:30', '13:30', '', ''),
(241, 241, '10:00', '12:00', '12:30', '13:00', ''),
(242, 242, '10:00', '12:00', '13:00', '', ''),
(243, 243, '10:00', '12:00', '12:30', '13:00', ''),
(244, 244, '10:30', '11:00', '11:30', '12:00', ''),
(245, 245, '11:30', '12:30', '13:30', '', ''),
(246, 246, '10:00', '12:00', '12:30', '13:00', ''),
(247, 247, '11:00', '12:00', '13:00', '', ''),
(248, 248, '12:00', '12:30', '13:00', '', ''),
(249, 249, '12:00', '12:30', '13:00', '', ''),
(250, 250, '10:00', '12:00', '12:30', '13:00', ''),
(251, 251, '10:30', '11:00', '11:30', '12:00', ''),
(252, 252, '12:00', '12:30', '13:00', '', ''),
(253, 253, '10:00', '12:00', '12:30', '13:00', ''),
(254, 254, '11:30', '12:00', '12:30', '13:00', ''),
(255, 255, '12:00', '12:30', '13:00', '', ''),
(256, 256, '11:30', '12:00', '12:30', '', ''),
(257, 257, '11:30', '12:30', '13:30', '', ''),
(258, 258, '10:00', '12:00', '13:00', '', ''),
(259, 259, '11:30', '12:00', '12:30', '13:00', ''),
(260, 260, '11:00', '12:00', '13:00', '', ''),
(261, 261, '11:30', '12:00', '12:30', '', ''),
(262, 262, '10:30', '11:00', '11:30', '12:00', ''),
(263, 263, '10:00', '12:00', '12:30', '13:00', ''),
(264, 264, '12:00', '12:30', '13:00', '', ''),
(265, 265, '11:30', '12:00', '12:30', '', ''),
(266, 266, '10:00', '12:00', '12:30', '13:00', ''),
(267, 267, '11:30', '12:00', '12:30', '13:00', ''),
(268, 268, '11:00', '12:00', '13:00', '', ''),
(269, 269, '11:30', '12:30', '13:30', '', ''),
(270, 270, '10:00', '12:00', '13:00', '', ''),
(271, 271, '10:00', '12:00', '13:00', '', ''),
(272, 272, '11:30', '12:00', '12:30', '13:00', ''),
(273, 273, '10:00', '12:00', '13:00', '', ''),
(274, 274, '10:30', '11:00', '11:30', '12:00', ''),
(275, 275, '11:00', '12:00', '13:00', '', ''),
(276, 276, '10:30', '11:00', '11:30', '12:00', ''),
(277, 277, '11:00', '12:00', '13:00', '', ''),
(278, 278, '11:30', '12:30', '13:30', '', ''),
(279, 279, '11:30', '12:00', '12:30', '', ''),
(280, 280, '10:30', '11:00', '11:30', '12:00', ''),
(281, 281, '11:30', '12:00', '12:30', '13:00', ''),
(282, 282, '11:30', '12:00', '12:30', '', ''),
(283, 283, '11:30', '12:30', '13:30', '', ''),
(284, 284, '12:00', '12:30', '13:00', '', ''),
(285, 285, '10:00', '12:00', '12:30', '13:00', ''),
(286, 286, '11:30', '12:30', '13:30', '', ''),
(287, 287, '10:00', '12:00', '13:00', '', ''),
(288, 288, '12:00', '12:30', '13:00', '', ''),
(289, 289, '11:00', '12:00', '13:00', '', ''),
(290, 290, '11:30', '12:00', '12:30', '13:00', ''),
(291, 291, '10:00', '12:00', '12:30', '13:00', ''),
(292, 292, '11:30', '12:30', '13:30', '', ''),
(293, 293, '11:00', '12:00', '13:00', '', ''),
(294, 294, '10:30', '11:00', '11:30', '12:00', ''),
(295, 295, '10:00', '12:00', '13:00', '', ''),
(296, 296, '11:30', '12:30', '13:30', '', ''),
(297, 297, '10:00', '12:00', '12:30', '13:00', ''),
(298, 298, '12:00', '12:30', '13:00', '', ''),
(299, 299, '12:00', '12:30', '13:00', '', ''),
(300, 300, '10:00', '12:00', '12:30', '13:00', ''),
(301, 301, '10:30', '11:00', '11:30', '12:00', ''),
(302, 302, '12:00', '12:30', '13:00', '', ''),
(303, 303, '12:00', '12:30', '13:00', '', ''),
(304, 304, '10:00', '12:00', '12:30', '13:00', ''),
(305, 305, '11:30', '12:30', '13:30', '', ''),
(306, 306, '11:30', '12:00', '12:30', '13:00', ''),
(307, 307, '11:30', '12:00', '12:30', '', ''),
(308, 308, '11:30', '12:00', '12:30', '13:00', ''),
(309, 309, '10:30', '11:00', '11:30', '12:00', ''),
(310, 310, '11:00', '12:00', '13:00', '', ''),
(311, 311, '10:00', '12:00', '13:00', '', ''),
(312, 312, '12:00', '12:30', '13:00', '', ''),
(313, 313, '11:30', '12:00', '12:30', '', ''),
(314, 314, '10:00', '12:00', '12:30', '13:00', ''),
(315, 315, '10:00', '12:00', '12:30', '13:00', ''),
(316, 316, '11:30', '12:30', '13:30', '', ''),
(317, 317, '11:30', '12:00', '12:30', '', ''),
(318, 318, '11:00', '12:00', '13:00', '', ''),
(319, 319, '11:30', '12:00', '12:30', '13:00', ''),
(320, 320, '10:00', '12:00', '13:00', '', ''),
(321, 321, '10:30', '11:00', '11:30', '12:00', ''),
(322, 322, '10:00', '12:00', '13:00', '', ''),
(323, 323, '11:30', '12:00', '12:30', '13:00', ''),
(324, 324, '10:30', '11:00', '11:30', '12:00', ''),
(325, 325, '10:00', '12:00', '13:00', '', ''),
(326, 326, '11:00', '12:00', '13:00', '', ''),
(327, 327, '11:00', '12:00', '13:00', '', ''),
(328, 328, '11:30', '12:00', '12:30', '', ''),
(329, 329, '11:30', '12:30', '13:30', '', ''),
(330, 330, '10:30', '11:00', '11:30', '12:00', ''),
(331, 331, '11:30', '12:00', '12:30', '13:00', ''),
(332, 332, '11:30', '12:00', '12:30', '', ''),
(333, 333, '11:30', '12:30', '13:30', '', ''),
(334, 334, '11:30', '12:30', '13:30', '', ''),
(335, 335, '10:00', '12:00', '12:30', '13:00', ''),
(336, 336, '12:00', '12:30', '13:00', '', ''),
(337, 337, '12:00', '12:30', '13:00', '', ''),
(338, 338, '11:00', '12:00', '13:00', '', ''),
(339, 339, '10:00', '12:00', '13:00', '', ''),
(340, 340, '11:30', '12:00', '12:30', '13:00', ''),
(341, 341, '11:30', '12:30', '13:30', '', ''),
(342, 342, '10:00', '12:00', '12:30', '13:00', ''),
(343, 343, '11:30', '12:30', '13:30', '', ''),
(344, 344, '11:00', '12:00', '13:00', '', ''),
(345, 345, '10:00', '12:00', '13:00', '', ''),
(346, 346, '10:00', '12:00', '12:30', '13:00', ''),
(347, 347, '10:30', '11:00', '11:30', '12:00', ''),
(348, 348, '10:00', '12:00', '12:30', '13:00', ''),
(349, 349, '12:00', '12:30', '13:00', '', ''),
(350, 350, '12:00', '12:30', '13:00', '', ''),
(351, 351, '12:00', '12:30', '13:00', '', ''),
(352, 352, '11:30', '12:30', '13:30', '', ''),
(353, 353, '10:30', '11:00', '11:30', '12:00', ''),
(354, 354, '10:00', '12:00', '12:30', '13:00', ''),
(355, 355, '11:30', '12:00', '12:30', '', ''),
(356, 356, '11:30', '12:00', '12:30', '13:00', ''),
(357, 357, '11:30', '12:00', '12:30', '13:00', ''),
(358, 358, '11:00', '12:00', '13:00', '', ''),
(359, 359, '12:00', '12:30', '13:00', '', ''),
(360, 360, '10:30', '11:00', '11:30', '12:00', ''),
(361, 361, '12:00', '12:30', '13:00', '', ''),
(362, 362, '10:00', '12:00', '12:30', '13:00', ''),
(363, 363, '11:30', '12:00', '12:30', '', ''),
(364, 364, '11:30', '12:30', '13:30', '', ''),
(365, 365, '10:00', '12:00', '13:00', '', ''),
(366, 366, '11:00', '12:00', '13:00', '', ''),
(367, 367, '10:00', '12:00', '12:30', '13:00', ''),
(368, 368, '11:30', '12:00', '12:30', '', ''),
(369, 369, '11:30', '12:00', '12:30', '13:00', ''),
(370, 370, '10:00', '12:00', '13:00', '', ''),
(371, 371, '10:30', '11:00', '11:30', '12:00', ''),
(372, 372, '10:30', '11:00', '11:30', '12:00', ''),
(373, 373, '11:30', '12:00', '12:30', '13:00', ''),
(374, 374, '11:30', '12:00', '12:30', '', ''),
(375, 375, '10:00', '12:00', '13:00', '', ''),
(376, 376, '10:00', '12:00', '13:00', '', ''),
(377, 377, '11:00', '12:00', '13:00', '', ''),
(378, 378, '10:30', '11:00', '11:30', '12:00', ''),
(379, 379, '11:00', '12:00', '13:00', '', ''),
(380, 380, '11:30', '12:30', '13:30', '', ''),
(381, 381, '11:30', '12:00', '12:30', '13:00', ''),
(382, 382, '11:30', '12:00', '12:30', '', ''),
(383, 383, '11:30', '12:30', '13:30', '', ''),
(384, 384, '12:00', '12:30', '13:00', '', ''),
(385, 385, '10:00', '12:00', '12:30', '13:00', ''),
(386, 386, '11:30', '12:30', '13:30', '', ''),
(387, 387, '11:30', '12:30', '13:30', '', ''),
(388, 388, '12:00', '12:30', '13:00', '', ''),
(389, 389, '11:00', '12:00', '13:00', '', ''),
(390, 390, '11:30', '12:00', '12:30', '13:00', ''),
(391, 391, '11:30', '12:30', '13:30', '', ''),
(392, 392, '10:00', '12:00', '12:30', '13:00', ''),
(393, 393, '10:00', '12:00', '13:00', '', ''),
(394, 394, '10:30', '11:00', '11:30', '12:00', ''),
(395, 395, '10:00', '12:00', '13:00', '', ''),
(396, 396, '11:00', '12:00', '13:00', '', ''),
(397, 397, '12:00', '12:30', '13:00', '', ''),
(398, 398, '10:00', '12:00', '12:30', '13:00', ''),
(399, 399, '12:00', '12:30', '13:00', '', ''),
(400, 400, '10:00', '12:00', '12:30', '13:00', ''),
(401, 401, '11:30', '12:30', '13:30', '', ''),
(402, 402, '11:30', '12:00', '12:30', '', ''),
(403, 403, '10:30', '11:00', '11:30', '12:00', ''),
(404, 404, '12:00', '12:30', '13:00', '', ''),
(405, 405, '11:30', '12:00', '12:30', '13:00', ''),
(406, 406, '11:30', '12:00', '12:30', '13:00', ''),
(407, 407, '10:00', '12:00', '13:00', '', ''),
(408, 408, '10:00', '12:00', '12:30', '13:00', ''),
(409, 409, '12:00', '12:30', '13:00', '', ''),
(410, 410, '11:00', '12:00', '13:00', '', ''),
(411, 411, '10:30', '11:00', '11:30', '12:00', ''),
(412, 412, '12:00', '12:30', '13:00', '', ''),
(413, 413, '10:00', '12:00', '12:30', '13:00', ''),
(414, 414, '11:30', '12:30', '13:30', '', ''),
(415, 415, '11:30', '12:00', '12:30', '', ''),
(416, 416, '10:00', '12:00', '12:30', '13:00', ''),
(417, 417, '11:30', '12:00', '12:30', '', ''),
(418, 418, '11:30', '12:00', '12:30', '13:00', ''),
(419, 419, '11:00', '12:00', '13:00', '', ''),
(420, 420, '11:30', '12:00', '12:30', '13:00', ''),
(421, 421, '10:30', '11:00', '11:30', '12:00', ''),
(422, 422, '10:30', '11:00', '11:30', '12:00', ''),
(423, 423, '11:00', '12:00', '13:00', '', ''),
(424, 424, '10:00', '12:00', '13:00', '', ''),
(425, 425, '11:30', '12:00', '12:30', '', ''),
(426, 426, '10:00', '12:00', '13:00', '', ''),
(427, 427, '10:00', '12:00', '13:00', '', ''),
(428, 428, '11:00', '12:00', '13:00', '', ''),
(429, 429, '10:30', '11:00', '11:30', '12:00', ''),
(430, 430, '11:30', '12:30', '13:30', '', ''),
(431, 431, '11:30', '12:00', '12:30', '13:00', ''),
(432, 432, '11:30', '12:30', '13:30', '', ''),
(433, 433, '12:00', '12:30', '13:00', '', ''),
(434, 434, '11:30', '12:00', '12:30', '', ''),
(435, 435, '11:30', '12:30', '13:30', '', ''),
(436, 436, '11:00', '12:00', '13:00', '', ''),
(437, 437, '12:00', '12:30', '13:00', '', ''),
(438, 438, '10:00', '12:00', '12:30', '13:00', ''),
(439, 439, '11:00', '12:00', '13:00', '', ''),
(440, 440, '11:30', '12:00', '12:30', '13:00', ''),
(441, 441, '11:30', '12:30', '13:30', '', ''),
(442, 442, '10:00', '12:00', '13:00', '', ''),
(443, 443, '11:30', '12:30', '13:30', '', ''),
(444, 444, '10:00', '12:00', '13:00', '', ''),
(445, 445, '10:30', '11:00', '11:30', '12:00', ''),
(446, 446, '12:00', '12:30', '13:00', '', ''),
(447, 447, '10:00', '12:00', '12:30', '13:00', ''),
(448, 448, '12:00', '12:30', '13:00', '', ''),
(449, 449, '10:00', '12:00', '12:30', '13:00', ''),
(450, 450, '10:00', '12:00', '12:30', '13:00', ''),
(451, 451, '12:00', '12:30', '13:00', '', ''),
(452, 452, '11:30', '12:00', '12:30', '', ''),
(453, 453, '11:30', '12:30', '13:30', '', ''),
(454, 454, '12:00', '12:30', '13:00', '', ''),
(455, 455, '10:30', '11:00', '11:30', '12:00', ''),
(456, 456, '10:00', '12:00', '13:00', '', ''),
(457, 457, '11:30', '12:00', '12:30', '13:00', ''),
(458, 458, '11:30', '12:00', '12:30', '13:00', ''),
(459, 459, '10:00', '12:00', '12:30', '13:00', ''),
(460, 460, '10:30', '11:00', '11:30', '12:00', ''),
(461, 461, '11:00', '12:00', '13:00', '', ''),
(462, 462, '12:00', '12:30', '13:00', '', ''),
(463, 463, '10:00', '12:00', '12:30', '13:00', ''),
(464, 464, '11:30', '12:30', '13:30', '', ''),
(465, 465, '11:00', '12:00', '13:00', '', ''),
(466, 466, '10:00', '12:00', '12:30', '13:00', ''),
(467, 467, '11:30', '12:00', '12:30', '13:00', ''),
(468, 468, '11:30', '12:00', '12:30', '', ''),
(469, 469, '11:30', '12:00', '12:30', '', ''),
(470, 470, '11:30', '12:00', '12:30', '13:00', ''),
(471, 471, '10:30', '11:00', '11:30', '12:00', ''),
(472, 472, '10:00', '12:00', '13:00', '', ''),
(473, 473, '10:30', '11:00', '11:30', '12:00', ''),
(474, 474, '10:00', '12:00', '13:00', '', ''),
(475, 475, '11:00', '12:00', '13:00', '', ''),
(476, 476, '11:00', '12:00', '13:00', '', ''),
(477, 477, '11:30', '12:00', '12:30', '', ''),
(478, 478, '10:00', '12:00', '13:00', '', ''),
(479, 479, '10:30', '11:00', '11:30', '12:00', ''),
(480, 480, '11:30', '12:00', '12:30', '', ''),
(481, 481, '11:30', '12:00', '12:30', '13:00', ''),
(482, 482, '11:30', '12:30', '13:30', '', ''),
(483, 483, '11:30', '12:30', '13:30', '', ''),
(484, 484, '10:00', '12:00', '12:30', '13:00', ''),
(485, 485, '12:00', '12:30', '13:00', '', ''),
(486, 486, '11:00', '12:00', '13:00', '', ''),
(487, 487, '11:30', '12:30', '13:30', '', ''),
(488, 488, '12:00', '12:30', '13:00', '', ''),
(489, 489, '10:00', '12:00', '13:00', '', ''),
(490, 490, '11:00', '12:00', '13:00', '', ''),
(491, 491, '10:00', '12:00', '13:00', '', ''),
(492, 492, '11:30', '12:00', '12:30', '13:00', ''),
(493, 493, '11:30', '12:30', '13:30', '', ''),
(494, 494, '10:00', '12:00', '12:30', '13:00', ''),
(495, 495, '10:30', '11:00', '11:30', '12:00', ''),
(496, 496, '12:00', '12:30', '13:00', '', ''),
(497, 497, '12:00', '12:30', '13:00', '', ''),
(498, 498, '11:30', '12:30', '13:30', '', ''),
(499, 499, '10:00', '12:00', '12:30', '13:00', ''),
(500, 500, '10:00', '12:00', '12:30', '13:00', ''),
(501, 501, '12:00', '12:30', '13:00', '', ''),
(502, 502, '11:30', '12:00', '12:30', '', ''),
(503, 503, '11:30', '12:30', '13:30', '', ''),
(504, 504, '10:30', '11:00', '11:30', '12:00', ''),
(505, 505, '12:00', '12:30', '13:00', '', ''),
(506, 506, '11:30', '12:00', '12:30', '13:00', ''),
(507, 507, '11:30', '12:00', '12:30', '13:00', ''),
(508, 508, '10:00', '12:00', '13:00', '', ''),
(509, 509, '10:00', '12:00', '12:30', '13:00', ''),
(510, 510, '11:00', '12:00', '13:00', '', ''),
(511, 511, '12:00', '12:30', '13:00', '', ''),
(512, 512, '10:30', '11:00', '11:30', '12:00', ''),
(513, 513, '10:00', '12:00', '12:30', '13:00', ''),
(514, 514, '11:30', '12:30', '13:30', '', ''),
(515, 515, '11:30', '12:00', '12:30', '13:00', ''),
(516, 516, '10:00', '12:00', '12:30', '13:00', ''),
(517, 517, '11:00', '12:00', '13:00', '', ''),
(518, 518, '11:30', '12:00', '12:30', '', ''),
(519, 519, '10:30', '11:00', '11:30', '12:00', ''),
(520, 520, '11:30', '12:00', '12:30', '13:00', ''),
(521, 521, '10:00', '12:00', '13:00', '', ''),
(522, 522, '11:30', '12:00', '12:30', '', ''),
(523, 523, '10:30', '11:00', '11:30', '12:00', ''),
(524, 524, '10:00', '12:00', '13:00', '', ''),
(525, 525, '11:00', '12:00', '13:00', '', ''),
(526, 526, '11:00', '12:00', '13:00', '', ''),
(527, 527, '11:30', '12:00', '12:30', '', ''),
(528, 528, '10:00', '12:00', '13:00', '', ''),
(529, 529, '10:30', '11:00', '11:30', '12:00', ''),
(530, 530, '11:30', '12:00', '12:30', '', ''),
(531, 531, '11:30', '12:30', '13:30', '', ''),
(532, 532, '11:30', '12:00', '12:30', '13:00', ''),
(533, 533, '11:30', '12:30', '13:30', '', ''),
(534, 534, '10:00', '12:00', '12:30', '13:00', ''),
(535, 535, '12:00', '12:30', '13:00', '', ''),
(536, 536, '11:00', '12:00', '13:00', '', ''),
(537, 537, '11:30', '12:30', '13:30', '', ''),
(538, 538, '12:00', '12:30', '13:00', '', ''),
(539, 539, '10:00', '12:00', '13:00', '', ''),
(540, 540, '10:00', '12:00', '13:00', '', ''),
(541, 541, '10:00', '12:00', '12:30', '13:00', ''),
(542, 542, '11:30', '12:00', '12:30', '13:00', ''),
(543, 543, '11:00', '12:00', '13:00', '', ''),
(544, 544, '11:30', '12:30', '13:30', '', ''),
(545, 545, '10:30', '11:00', '11:30', '12:00', ''),
(546, 546, '12:00', '12:30', '13:00', '', ''),
(547, 547, '10:00', '12:00', '12:30', '13:00', ''),
(548, 548, '12:00', '12:30', '13:00', '', ''),
(549, 549, '10:00', '12:00', '12:30', '13:00', ''),
(550, 550, '11:30', '12:30', '13:30', '', ''),
(551, 551, '12:00', '12:30', '13:00', '', ''),
(552, 552, '11:30', '12:00', '12:30', '', ''),
(553, 553, '10:00', '12:00', '13:00', '', ''),
(554, 554, '12:00', '12:30', '13:00', '', ''),
(555, 555, '11:30', '12:30', '13:30', '', ''),
(556, 556, '12:00', '12:30', '13:00', '', ''),
(557, 557, '10:30', '11:00', '11:30', '12:00', ''),
(558, 558, '11:30', '12:00', '12:30', '13:00', ''),
(559, 559, '11:00', '12:00', '13:00', '', ''),
(560, 560, '11:30', '12:00', '12:30', '13:00', ''),
(561, 561, '11:30', '12:00', '12:30', '13:00', ''),
(562, 562, '10:00', '12:00', '12:30', '13:00', ''),
(563, 563, '10:00', '12:00', '12:30', '13:00', ''),
(564, 564, '10:00', '12:00', '12:30', '13:00', ''),
(565, 565, '11:30', '12:30', '13:30', '', ''),
(566, 566, '10:30', '11:00', '11:30', '12:00', ''),
(567, 567, '11:30', '12:00', '12:30', '13:00', ''),
(568, 568, '11:00', '12:00', '13:00', '', ''),
(569, 569, '11:30', '12:00', '12:30', '', ''),
(570, 570, '10:30', '11:00', '11:30', '12:00', ''),
(571, 571, '11:00', '12:00', '13:00', '', ''),
(572, 572, '10:30', '11:00', '11:30', '12:00', ''),
(573, 573, '10:00', '12:00', '13:00', '', ''),
(574, 574, '11:30', '12:00', '12:30', '', ''),
(575, 575, '10:00', '12:00', '13:00', '', ''),
(576, 576, '11:00', '12:00', '13:00', '', ''),
(577, 577, '10:00', '12:00', '13:00', '', ''),
(578, 578, '11:30', '12:00', '12:30', '', ''),
(579, 579, '11:30', '12:00', '12:30', '', ''),
(580, 580, '11:30', '12:30', '13:30', '', ''),
(581, 581, '10:30', '11:00', '11:30', '12:00', ''),
(582, 582, '11:30', '12:30', '13:30', '', ''),
(583, 583, '10:00', '12:00', '12:30', '13:00', ''),
(584, 584, '11:30', '12:00', '12:30', '13:00', ''),
(585, 585, '12:00', '12:30', '13:00', '', ''),
(586, 586, '11:00', '12:00', '13:00', '', ''),
(587, 587, '10:00', '12:00', '13:00', '', ''),
(588, 588, '11:30', '12:30', '13:30', '', ''),
(589, 589, '12:00', '12:30', '13:00', '', ''),
(590, 590, '11:30', '12:00', '12:30', '13:00', ''),
(591, 591, '10:30', '11:00', '11:30', '12:00', ''),
(592, 592, '10:00', '12:00', '13:00', '', ''),
(593, 593, '10:00', '12:00', '12:30', '13:00', ''),
(594, 594, '11:00', '12:00', '13:00', '', ''),
(595, 595, '12:00', '12:30', '13:00', '', ''),
(596, 596, '11:30', '12:30', '13:30', '', ''),
(597, 597, '10:00', '12:00', '12:30', '13:00', ''),
(598, 598, '10:00', '12:00', '12:30', '13:00', ''),
(599, 599, '12:00', '12:30', '13:00', '', ''),
(600, 600, '11:30', '12:30', '13:30', '', ''),
(601, 601, '12:00', '12:30', '13:00', '', ''),
(602, 602, '10:00', '12:00', '13:00', '', ''),
(603, 603, '11:30', '12:00', '12:30', '', ''),
(604, 604, '12:00', '12:30', '13:00', '', ''),
(605, 605, '11:30', '12:30', '13:30', '', ''),
(606, 606, '10:30', '11:00', '11:30', '12:00', ''),
(607, 607, '12:00', '12:30', '13:00', '', ''),
(608, 608, '11:30', '12:00', '12:30', '13:00', ''),
(609, 609, '11:30', '12:00', '12:30', '13:00', ''),
(610, 610, '11:00', '12:00', '13:00', '', ''),
(611, 611, '10:00', '12:00', '12:30', '13:00', ''),
(612, 612, '10:00', '12:00', '12:30', '13:00', ''),
(613, 613, '11:30', '12:00', '12:30', '13:00', ''),
(614, 614, '10:00', '12:00', '12:30', '13:00', '');

-- --------------------------------------------------------

--
-- Структура таблицы `users`
--

CREATE TABLE `users` (
  `UsersId` int(11) NOT NULL,
  `fio` varchar(300) NOT NULL,
  `password` varchar(100) NOT NULL,
  `tel` varchar(11) NOT NULL,
  `snils` varchar(14) NOT NULL,
  `email` varchar(100) NOT NULL
) ENGINE=InnoDB DEFAULT CHARSET=utf8mb4;

--
-- Дамп данных таблицы `users`
--

INSERT INTO `users` (`UsersId`, `fio`, `password`, `tel`, `snils`, `email`) VALUES
(615, 'Богдана не любят', 'qwerqwer', '71212121212', '144-144-144 44', ''),
(616, 'Богдана любят', 'qwerqwer', '71313131313', '133-133-133 33', ''),
(617, 'Богдан расслаблен', 'qwerqwer', '71414141414', '155-155-155 55', ''),
(618, 'Алексей Иванов Игнатьевич', 'qwerqwer', '78959062354', '124-123-122 11', 'alexivan@mail.ru'),
(619, 'Граудина Анастасия Николаевна', 'рапапам12', '89912404018', '123-123-123 23', 'thebunnytoybonnie602@gmail.com'),
(620, 'Криворучко Александр Павлович', 'SACHAQWER', '89166985542', '148-199-344 36', 'SACHAPROG@MAIL.RU'),
(621, 'Алексей Иванов Игнатьевич', 'qwerQWER1', '78889997766', '321-321-321 32', 'thebunnytoybonnie602@gmail.com'),
(622, 'Дмитрий asdfasdf Алексеевич', 'qwerQWER1', '78889997766', '321-321-321 32', 'thebunnytoybonnie602@gmail.com'),
(623, 'Первых Инокентий Леонов', 'QWERqwer1', '78989896565', '444-221-222 22', 'thebunnytoybonnie602@gmail.com'),
(624, 'Денисова Ева Михайловна', 'QWERqwer1', '77153453344', '321-321-321 32', 'Fjdfkdfj@MAIL.RU'),
(625, 'Полякова Мария Дмитриевна', 'qwerQWER1', '79186457676', '543-656-454 43', 'LKDldsdfhjg@mail.ru');

--
-- Индексы сохранённых таблиц
--

--
-- Индексы таблицы `adress`
--
ALTER TABLE `adress`
  ADD PRIMARY KEY (`AdressId`);

--
-- Индексы таблицы `allUsers`
--
ALTER TABLE `allUsers`
  ADD PRIMARY KEY (`allUsersId`),
  ADD KEY `allUsersCode` (`PerCode`),
  ADD KEY `allusers_ibfk_2` (`UsCode`);

--
-- Индексы таблицы `chat`
--
ALTER TABLE `chat`
  ADD PRIMARY KEY (`ChatId`),
  ADD KEY `FromWho` (`FromWho`),
  ADD KEY `ToWho` (`ToWho`);

--
-- Индексы таблицы `city`
--
ALTER TABLE `city`
  ADD PRIMARY KEY (`CityId`);

--
-- Индексы таблицы `indexx`
--
ALTER TABLE `indexx`
  ADD PRIMARY KEY (`IndexxId`);

--
-- Индексы таблицы `med`
--
ALTER TABLE `med`
  ADD PRIMARY KEY (`MedId`),
  ADD KEY `AdressCode` (`AdressCode`),
  ADD KEY `CityCode` (`CityCode`),
  ADD KEY `IndexxCode` (`IndexxCode`);

--
-- Индексы таблицы `medpost`
--
ALTER TABLE `medpost`
  ADD PRIMARY KEY (`MedPostId`),
  ADD KEY `MedCode` (`MedCode`),
  ADD KEY `PostCode` (`PostCode`);

--
-- Индексы таблицы `personal`
--
ALTER TABLE `personal`
  ADD PRIMARY KEY (`PersonalId`),
  ADD KEY `MedPostCode` (`MedPostCode`);

--
-- Индексы таблицы `post`
--
ALTER TABLE `post`
  ADD PRIMARY KEY (`PostId`);

--
-- Индексы таблицы `record`
--
ALTER TABLE `record`
  ADD PRIMARY KEY (`RecordId`),
  ADD KEY `PersonalCode` (`PersonalCode`),
  ADD KEY `UserCode` (`UserCode`);

--
-- Индексы таблицы `timepers`
--
ALTER TABLE `timepers`
  ADD PRIMARY KEY (`timePersId`),
  ADD KEY `PersonalCode` (`PersonalCode`);

--
-- Индексы таблицы `users`
--
ALTER TABLE `users`
  ADD PRIMARY KEY (`UsersId`);

--
-- AUTO_INCREMENT для сохранённых таблиц
--

--
-- AUTO_INCREMENT для таблицы `adress`
--
ALTER TABLE `adress`
  MODIFY `AdressId` int(11) NOT NULL AUTO_INCREMENT, AUTO_INCREMENT=17;

--
-- AUTO_INCREMENT для таблицы `allUsers`
--
ALTER TABLE `allUsers`
  MODIFY `allUsersId` int(11) NOT NULL AUTO_INCREMENT, AUTO_INCREMENT=626;

--
-- AUTO_INCREMENT для таблицы `chat`
--
ALTER TABLE `chat`
  MODIFY `ChatId` int(11) NOT NULL AUTO_INCREMENT, AUTO_INCREMENT=574;

--
-- AUTO_INCREMENT для таблицы `city`
--
ALTER TABLE `city`
  MODIFY `CityId` int(11) NOT NULL AUTO_INCREMENT, AUTO_INCREMENT=17;

--
-- AUTO_INCREMENT для таблицы `indexx`
--
ALTER TABLE `indexx`
  MODIFY `IndexxId` int(11) NOT NULL AUTO_INCREMENT, AUTO_INCREMENT=17;

--
-- AUTO_INCREMENT для таблицы `med`
--
ALTER TABLE `med`
  MODIFY `MedId` int(11) NOT NULL AUTO_INCREMENT, AUTO_INCREMENT=18;

--
-- AUTO_INCREMENT для таблицы `medpost`
--
ALTER TABLE `medpost`
  MODIFY `MedPostId` int(11) NOT NULL AUTO_INCREMENT, AUTO_INCREMENT=159;

--
-- AUTO_INCREMENT для таблицы `personal`
--
ALTER TABLE `personal`
  MODIFY `PersonalId` int(11) NOT NULL AUTO_INCREMENT, AUTO_INCREMENT=615;

--
-- AUTO_INCREMENT для таблицы `post`
--
ALTER TABLE `post`
  MODIFY `PostId` int(11) NOT NULL AUTO_INCREMENT, AUTO_INCREMENT=62;

--
-- AUTO_INCREMENT для таблицы `record`
--
ALTER TABLE `record`
  MODIFY `RecordId` int(11) NOT NULL AUTO_INCREMENT, AUTO_INCREMENT=66;

--
-- AUTO_INCREMENT для таблицы `timepers`
--
ALTER TABLE `timepers`
  MODIFY `timePersId` int(11) NOT NULL AUTO_INCREMENT, AUTO_INCREMENT=615;

--
-- AUTO_INCREMENT для таблицы `users`
--
ALTER TABLE `users`
  MODIFY `UsersId` int(11) NOT NULL AUTO_INCREMENT, AUTO_INCREMENT=626;

--
-- Ограничения внешнего ключа сохраненных таблиц
--

--
-- Ограничения внешнего ключа таблицы `allUsers`
--
ALTER TABLE `allUsers`
  ADD CONSTRAINT `allusers_ibfk_1` FOREIGN KEY (`PerCode`) REFERENCES `personal` (`PersonalId`),
  ADD CONSTRAINT `allusers_ibfk_2` FOREIGN KEY (`UsCode`) REFERENCES `users` (`UsersId`);

--
-- Ограничения внешнего ключа таблицы `chat`
--
ALTER TABLE `chat`
  ADD CONSTRAINT `chat_ibfk_1` FOREIGN KEY (`FromWho`) REFERENCES `allUsers` (`allUsersId`),
  ADD CONSTRAINT `chat_ibfk_2` FOREIGN KEY (`ToWho`) REFERENCES `allUsers` (`allUsersId`);

--
-- Ограничения внешнего ключа таблицы `med`
--
ALTER TABLE `med`
  ADD CONSTRAINT `med_ibfk_1` FOREIGN KEY (`AdressCode`) REFERENCES `adress` (`AdressId`),
  ADD CONSTRAINT `med_ibfk_2` FOREIGN KEY (`CityCode`) REFERENCES `city` (`CityId`),
  ADD CONSTRAINT `med_ibfk_3` FOREIGN KEY (`IndexxCode`) REFERENCES `indexx` (`IndexxId`);

--
-- Ограничения внешнего ключа таблицы `medpost`
--
ALTER TABLE `medpost`
  ADD CONSTRAINT `medpost_ibfk_1` FOREIGN KEY (`MedCode`) REFERENCES `med` (`MedId`),
  ADD CONSTRAINT `medpost_ibfk_2` FOREIGN KEY (`PostCode`) REFERENCES `post` (`PostId`);

--
-- Ограничения внешнего ключа таблицы `personal`
--
ALTER TABLE `personal`
  ADD CONSTRAINT `personal_ibfk_1` FOREIGN KEY (`MedPostCode`) REFERENCES `medpost` (`MedPostId`);

--
-- Ограничения внешнего ключа таблицы `record`
--
ALTER TABLE `record`
  ADD CONSTRAINT `record_ibfk_1` FOREIGN KEY (`PersonalCode`) REFERENCES `personal` (`PersonalId`),
  ADD CONSTRAINT `record_ibfk_2` FOREIGN KEY (`UserCode`) REFERENCES `users` (`UsersId`);

--
-- Ограничения внешнего ключа таблицы `timepers`
--
ALTER TABLE `timepers`
  ADD CONSTRAINT `timepers_ibfk_1` FOREIGN KEY (`PersonalCode`) REFERENCES `personal` (`PersonalId`);
COMMIT;

/*!40101 SET CHARACTER_SET_CLIENT=@OLD_CHARACTER_SET_CLIENT */;
/*!40101 SET CHARACTER_SET_RESULTS=@OLD_CHARACTER_SET_RESULTS */;
/*!40101 SET COLLATION_CONNECTION=@OLD_COLLATION_CONNECTION */;
